constituency_no,constituency_name,district,election_type,reserved_status,winner_name,winner_party,winner_party_full,winner_votes,winner_vote_share_pct,runner_up_name,runner_up_party,runner_up_party_full,runner_up_votes,runner_up_vote_share_pct,margin_votes,margin_pct,total_valid_votes,nota_votes,turnout_pct,source_name,source_url,source_type,last_verified,notes
1,Mekliganj,Cooch Behar,assembly_2021,SC,DADHIRAM RAY,BJP,Bharatiya Janata Party,84653,85.16,GOBINDA CHANDRA ROY,OTHER,Other Parties,6853,6.89,77800,78.26,99406,2447,43.89,Election Commission of India,https://results.eci.gov.in,official,Sun May 02 2021 05:30:00 GMT+0530 (India Standard Time),
2,Mathabhanga,Cooch Behar,assembly_2021,SC,Sushil Barman,BJP,Bharatiya Janata Party,113249,52.87,Girindra Nath Barman,AITC,All India Trinamool Congress,87115,40.67,26134,12.20,214203,1443,86.36,Election Commission of India,https://results.eci.gov.in,official,Sun May 02 2021 05:30:00 GMT+0530 (India Standard Time),
3,COOCHBEHAR UTTAR,Cooch Behar,assembly_2021,SC,SUKUMAR ROY,BJP,Bharatiya Janata Party,120483,49.40,BINAY KRISHNA BARMAN,AITC,All India Trinamool Congress,105868,43.40,14615,5.99,243916,1570,86.19,Election Commission of India,https://results.eci.gov.in,official,Sun May 02 2021 05:30:00 GMT+0530 (India Standard Time),
4,Coochbehar Dakshin,Cooch Behar,assembly_2021,GEN,Nikhil Ranjan Dey,BJP,Bharatiya Janata Party,91560,46.83,Avijit De Bhowmik,AITC,All India Trinamool Congress,86629,44.31,4931,2.52,195505,1464,83.61,Election Commission of India,https://results.eci.gov.in,official,Sun May 02 2021 05:30:00 GMT+0530 (India Standard Time),
5,Sitalkuchi,Cooch Behar,assembly_2021,SC,Baren Chandra Barman,BJP,Bharatiya Janata Party,124955,50.80,Partha Pratim Ray,AITC,All India Trinamool Congress,107140,43.56,17815,7.24,245966,2743,86.23,Election Commission of India,https://results.eci.gov.in,official,Sun May 02 2021 05:30:00 GMT+0530 (India Standard Time),
6,Sitai,Cooch Behar,assembly_2021,SC,JAGADISH CHANDRA BARMA BASUNIA,AITC,All India Trinamool Congress,117908,49.42,DIPAK KUMAR ROY,BJP,Bharatiya Janata Party,107796,45.18,10112,4.24,238578,1577,82.11,Election Commission of India,https://results.eci.gov.in,official,Sun May 02 2021 05:30:00 GMT+0530 (India Standard Time),
7,Dinhata,Cooch Behar,assembly_2021,SC,NISITH PRAMANIK,BJP,Bharatiya Janata Party,116035,47.60,UDAYAN GUHA,AITC,All India Trinamool Congress,115978,47.58,57,0.02,243751,1537,81.45,Election Commission of India,https://results.eci.gov.in,official,Sun May 02 2021 05:30:00 GMT+0530 (India Standard Time),
8,Natabari,Cooch Behar,assembly_2021,GEN,Mihir Goswami,BJP,Bharatiya Janata Party,111743,51.45,Rabindra Nath Ghosh,AITC,All India Trinamool Congress,88303,40.66,23440,10.79,217173,1146,88.63,Election Commission of India,https://results.eci.gov.in,official,Sun May 02 2021 05:30:00 GMT+0530 (India Standard Time),
9,Tufanganj,Cooch Behar,assembly_2021,SC,Malati Rava Roy,BJP,Bharatiya Janata Party,114503,54.69,Pranab Kumar Dey,AITC,All India Trinamool Congress,83305,39.79,31198,14.90,209378,2069,89.36,Election Commission of India,https://results.eci.gov.in,official,Sun May 02 2021 05:30:00 GMT+0530 (India Standard Time),
10,Kumargram,Alipurduar,assembly_2021,ST,MANOJ KUMAR ORAON,BJP,Bharatiya Janata Party,111974,48.16,LEOS KUJUR (URAO),AITC,All India Trinamool Congress,100973,43.43,11001,4.73,232489,2718,85.18,Election Commission of India,https://results.eci.gov.in,official,Sun May 02 2021 05:30:00 GMT+0530 (India Standard Time),
11,Kalchini,Alipurduar,assembly_2021,ST,BISHAL LAMA,BJP,Bharatiya Janata Party,103104,52.65,PASSANG LAMA,AITC,All India Trinamool Congress,74528,38.06,28576,14.59,195815,2377,79.14,Election Commission of India,https://results.eci.gov.in,official,Sun May 02 2021 05:30:00 GMT+0530 (India Standard Time),
12,Alipurduars,Alipurduar,assembly_2021,GEN,SUMAN KANJILAL,BJP,Bharatiya Janata Party,107333,48.19,SOURAV CHAKRABORTY (GHUTIS),AITC,All India Trinamool Congress,91326,41.00,16007,7.19,222732,1981,85.45,Election Commission of India,https://results.eci.gov.in,official,Sun May 02 2021 05:30:00 GMT+0530 (India Standard Time),
13,Falakata,Alipurduar,assembly_2021,SC,DIPAK BARMAN,BJP,Bharatiya Janata Party,102993,46.71,SUBHASH CHANDRA ROY,AITC,All India Trinamool Congress,99003,44.90,3990,1.81,220500,1970,86.62,Election Commission of India,https://results.eci.gov.in,official,Sun May 02 2021 05:30:00 GMT+0530 (India Standard Time),
14,Madarihat,Alipurduar,assembly_2021,ST,MANOJ TIGGA,BJP,Bharatiya Janata Party,90718,54.35,RAJESH LAKRA,AITC,All India Trinamool Congress,61033,36.56,29685,17.78,166920,2622,78.49,Election Commission of India,https://results.eci.gov.in,official,Sun May 02 2021 05:30:00 GMT+0530 (India Standard Time),
15,Dhupguri,Jalpaiguri,assembly_2021,SC,BISHNU PADA RAY,BJP,Bharatiya Janata Party,104688,45.65,MITALI ROY,AITC,All India Trinamool Congress,100333,43.75,4355,1.90,229323,1984,87.16,Election Commission of India,https://results.eci.gov.in,official,Sun May 02 2021 05:30:00 GMT+0530 (India Standard Time),
16,Maynaguri,Jalpaiguri,assembly_2021,SC,Kaushik Roy,BJP,Bharatiya Janata Party,115306,48.84,Manoj Roy,AITC,All India Trinamool Congress,103395,43.79,11911,5.05,236093,3095,89.34,Election Commission of India,https://results.eci.gov.in,official,Sun May 02 2021 05:30:00 GMT+0530 (India Standard Time),
17,Jalpaiguri,Jalpaiguri,assembly_2021,SC,DR. PRADIP KUMAR BARMA,AITC,All India Trinamool Congress,95668,42.34,SOUJIT SINGHA (PIKU),BJP,Bharatiya Janata Party,94727,41.93,941,0.42,225933,3381,86.07,Election Commission of India,https://results.eci.gov.in,official,Sun May 02 2021 05:30:00 GMT+0530 (India Standard Time),
18,Rajganj,Jalpaiguri,assembly_2021,SC,KHAGESWAR ROY,AITC,All India Trinamool Congress,104641,48.50,SUPEN ROY,BJP,Bharatiya Janata Party,88868,41.19,15773,7.31,215755,3175,88.37,Election Commission of India,https://results.eci.gov.in,official,Sun May 02 2021 05:30:00 GMT+0530 (India Standard Time),
19,Dabgram-Fulbari,Jalpaiguri,assembly_2021,GEN,Sikha Chatterjee,BJP,Bharatiya Janata Party,129088,49.85,Goutam Deb,AITC,All India Trinamool Congress,101495,39.19,27593,10.65,258969,3379,83.44,Election Commission of India,https://results.eci.gov.in,official,Sun May 02 2021 05:30:00 GMT+0530 (India Standard Time),
20,Mal,Jalpaiguri,assembly_2021,ST,BULU CHIK BARAIK,AITC,All India Trinamool Congress,99086,46.46,MAHESH BAGEY,BJP,Bharatiya Janata Party,93621,43.90,5465,2.56,213255,4699,83.44,Election Commission of India,https://results.eci.gov.in,official,Sun May 02 2021 05:30:00 GMT+0530 (India Standard Time),
21,Nagrakata,Jalpaiguri,assembly_2021,ST,PUNA BHENGRA,BJP,Bharatiya Janata Party,94722,49.55,JOSEPH MUNDA,AITC,All India Trinamool Congress,71247,37.27,23475,12.28,191169,5454,80.56,Election Commission of India,https://results.eci.gov.in,official,Sun May 02 2021 05:30:00 GMT+0530 (India Standard Time),
22,Kalimpong,Kalimpong,assembly_2021,ST,RUDEN SADA LEPCHA,IND,Independent,58206,37.59,SUVA PRADHAN,BJP,Bharatiya Janata Party,54336,35.09,3870,2.50,154863,2160,73.08,Election Commission of India,https://results.eci.gov.in,official,Sun May 02 2021 05:30:00 GMT+0530 (India Standard Time),
23,Darjeeling,Darjeeling,assembly_2021,ST,NEERAJ TAMANG ZIMBA,BJP,Bharatiya Janata Party,68907,40.88,KESHAV RAJ SHARMA,IND,Independent,47631,28.26,21276,12.62,168575,2540,68.34,Election Commission of India,https://results.eci.gov.in,official,Sun May 02 2021 05:30:00 GMT+0530 (India Standard Time),
24,Kurseong,Darjeeling,assembly_2021,GEN,Bishnu Prasad Sharma (alias B.P. Bajgain),BJP,Bharatiya Janata Party,73475,41.86,Tshering Lama,IND,Independent,57960,33.02,15515,8.84,175545,2417,74.23,Election Commission of India,https://results.eci.gov.in,official,Sun May 02 2021 05:30:00 GMT+0530 (India Standard Time),
25,Matigara-Naxalbari,Darjeeling,assembly_2021,SC,Anandamay Barman,BJP,Bharatiya Janata Party,139785,58.10,Rajen Sundas,AITC,All India Trinamool Congress,68937,28.65,70848,29.45,240591,3912,83.66,Election Commission of India,https://results.eci.gov.in,official,Sun May 02 2021 05:30:00 GMT+0530 (India Standard Time),
26,Siliguri,Darjeeling,assembly_2021,GEN,Sankar Ghosh,BJP,Bharatiya Janata Party,89370,50.03,Dr. Omprakash Mishra,AITC,All India Trinamool Congress,53784,30.11,35586,19.92,178650,2074,78.22,Election Commission of India,https://results.eci.gov.in,official,Sun May 02 2021 05:30:00 GMT+0530 (India Standard Time),
27,Phansidewa,Darjeeling,assembly_2021,ST,Durga Murmu,BJP,Bharatiya Janata Party,105651,50.89,Chhotan Kisku,AITC,All India Trinamool Congress,77940,37.55,27711,13.35,207590,2575,86.32,Election Commission of India,https://results.eci.gov.in,official,Sun May 02 2021 05:30:00 GMT+0530 (India Standard Time),
28,Chopra,Uttar Dinajpur,assembly_2021,GEN,HAMIDUL RAHAMAN,AITC,All India Trinamool Congress,124923,61.20,MD. SHAHIN AKHTER,BJP,Bharatiya Janata Party,60018,29.40,64905,31.80,204110,1531,82.38,Election Commission of India,https://results.eci.gov.in,official,Sun May 02 2021 05:30:00 GMT+0530 (India Standard Time),
29,Islampur,Uttar Dinajpur,assembly_2021,GEN,ABDUL KARIM CHOWDHARY,AITC,All India Trinamool Congress,100131,58.91,SAUMYAROOP MANDAL,BJP,Bharatiya Janata Party,62691,36.88,37440,22.03,169974,1976,77.36,Election Commission of India,https://results.eci.gov.in,official,Sun May 02 2021 05:30:00 GMT+0530 (India Standard Time),
30,Goalpokhar,Uttar Dinajpur,assembly_2021,GEN,MD. GHULAM RABBANI,AITC,All India Trinamool Congress,105649,65.40,MD. GHULAM SARWAR,BJP,Bharatiya Janata Party,32135,19.89,73514,45.51,161535,2016,71.91,Election Commission of India,https://results.eci.gov.in,official,Sun May 02 2021 05:30:00 GMT+0530 (India Standard Time),
31,Chakulia,Uttar Dinajpur,assembly_2021,GEN,AZAD MINHAJUL ARFIN,AITC,All India Trinamool Congress,86311,49.78,SACHIN PRASAD,BJP,Bharatiya Janata Party,52474,30.26,33837,19.51,173400,1186,74.30,Election Commission of India,https://results.eci.gov.in,official,Sun May 02 2021 05:30:00 GMT+0530 (India Standard Time),
32,Karandighi,Uttar Dinajpur,assembly_2021,GEN,GOUTAM PAUL,AITC,All India Trinamool Congress,116594,54.70,SUBHAS CHANDRA SINHA S/O: HARANARAYAN SINHA,BJP,Bharatiya Janata Party,79968,37.52,36626,17.18,213136,2449,81.17,Election Commission of India,https://results.eci.gov.in,official,Sun May 02 2021 05:30:00 GMT+0530 (India Standard Time),
33,Hemtabad,Uttar Dinajpur,assembly_2021,SC,SATYAJIT BARMAN,AITC,All India Trinamool Congress,116425,52.14,CHANDIMA ROY,BJP,Bharatiya Janata Party,89210,39.95,27215,12.19,223301,2160,84.16,Election Commission of India,https://results.eci.gov.in,official,Sun May 02 2021 05:30:00 GMT+0530 (India Standard Time),
34,Kaliaganj,Uttar Dinajpur,assembly_2021,SC,SOUMEN ROY,BJP,Bharatiya Janata Party,116768,48.71,TAPAN DEB SINGHA,AITC,All India Trinamool Congress,94948,39.61,21820,9.10,239726,3007,84.84,Election Commission of India,https://results.eci.gov.in,official,Sun May 02 2021 05:30:00 GMT+0530 (India Standard Time),
35,Raiganj,Uttar Dinajpur,assembly_2021,GEN,KRISHNA KALYANI,BJP,Bharatiya Janata Party,79775,49.44,AGARWAL KANAIA LAL,AITC,All India Trinamool Congress,59027,36.58,20748,12.86,161347,2468,81.17,Election Commission of India,https://results.eci.gov.in,official,Sun May 02 2021 05:30:00 GMT+0530 (India Standard Time),
36,Itahar,Uttar Dinajpur,assembly_2021,GEN,MOSARAF HUSSEN,AITC,All India Trinamool Congress,114645,59.10,AMIT KUMAR KUNDU,BJP,Bharatiya Janata Party,70670,36.43,43975,22.67,193986,1240,84.58,Election Commission of India,https://results.eci.gov.in,official,Sun May 02 2021 05:30:00 GMT+0530 (India Standard Time),
37,Kushmandi,Dakshin Dinajpur,assembly_2021,SC,REKHA ROY,AITC,All India Trinamool Congress,89968,48.88,RANJIT KUMAR ROY,BJP,Bharatiya Janata Party,77384,42.04,12584,6.84,184075,1598,83.70,Election Commission of India,https://results.eci.gov.in,official,Sun May 02 2021 05:30:00 GMT+0530 (India Standard Time),
38,Kumarganj,Dakshin Dinajpur,assembly_2021,GEN,TORAF HOSSAIN MANDAL,AITC,All India Trinamool Congress,89763,52.52,Manas Sarkar,BJP,Bharatiya Janata Party,60396,35.33,29367,17.18,170928,1125,83.79,Election Commission of India,https://results.eci.gov.in,official,Sun May 02 2021 05:30:00 GMT+0530 (India Standard Time),
39,Balurghat,Dakshin Dinajpur,assembly_2021,GEN,Ashok Kumar Lahiri,BJP,Bharatiya Janata Party,72129,47.42,Sekhar Dasgupta,AITC,All India Trinamool Congress,58693,38.59,13436,8.83,152092,1830,84.31,Election Commission of India,https://results.eci.gov.in,official,Sun May 02 2021 05:30:00 GMT+0530 (India Standard Time),
40,Tapan,Dakshin Dinajpur,assembly_2021,ST,BUDHRAI TUDU,BJP,Bharatiya Janata Party,84381,45.29,KALPANA KISKU,AITC,All India Trinamool Congress,82731,44.41,1650,0.89,186309,1703,84.60,Election Commission of India,https://results.eci.gov.in,official,Sun May 02 2021 05:30:00 GMT+0530 (India Standard Time),
41,Gangarampur,Dakshin Dinajpur,assembly_2021,SC,SATYENDRA NATH RAY,BJP,Bharatiya Janata Party,88724,46.82,GOUTAM DAS,AITC,All India Trinamool Congress,84132,44.40,4592,2.42,189482,1149,84.58,Election Commission of India,https://results.eci.gov.in,official,Sun May 02 2021 05:30:00 GMT+0530 (India Standard Time),
42,Harirampur,Dakshin Dinajpur,assembly_2021,GEN,BIPLAB MITRA,AITC,All India Trinamool Congress,96131,51.23,NILANJAN ROY,BJP,Bharatiya Janata Party,73459,39.15,22672,12.08,187642,1823,82.23,Election Commission of India,https://results.eci.gov.in,official,Sun May 02 2021 05:30:00 GMT+0530 (India Standard Time),
43,Habibpur,Malda,assembly_2021,ST,JOYEL MURMU,BJP,Bharatiya Janata Party,94075,47.52,PRODIP BASKEY,AITC,All India Trinamool Congress,74558,37.66,19517,9.86,197989,2162,79.34,Election Commission of India,https://results.eci.gov.in,official,Sun May 02 2021 05:30:00 GMT+0530 (India Standard Time),
44,Gazole,Malda,assembly_2021,SC,CHINMOY DEB BARMAN,BJP,Bharatiya Janata Party,100655,45.50,BASANTI BARMAN,AITC,All India Trinamool Congress,98857,44.69,1798,0.81,221214,1736,82.82,Election Commission of India,https://results.eci.gov.in,official,Sun May 02 2021 05:30:00 GMT+0530 (India Standard Time),
45,Chanchal,Malda,assembly_2021,GEN,Nihar Ranjan Ghosh,AITC,All India Trinamool Congress,115966,58.08,Dipankar Ram (Bankat),BJP,Bharatiya Janata Party,48628,24.35,67338,33.72,199679,1023,80.06,Election Commission of India,https://results.eci.gov.in,official,Sun May 02 2021 05:30:00 GMT+0530 (India Standard Time),
46,Harischandrapur,Malda,assembly_2021,GEN,TAJMUL HOSSAIN,AITC,All India Trinamool Congress,122527,60.31,MD. MATIBUR RAHAMAN,BJP,Bharatiya Janata Party,45054,22.18,77473,38.14,203153,1012,80.46,Election Commission of India,https://results.eci.gov.in,official,Sun May 02 2021 05:30:00 GMT+0530 (India Standard Time),
47,Malatipur,Malda,assembly_2021,GEN,ABDUR RAHIM BOXI,AITC,All India Trinamool Congress,126157,68.02,MOUSUMI DAS,BJP,Bharatiya Janata Party,34208,18.44,91949,49.57,185484,2034,79.98,Election Commission of India,https://results.eci.gov.in,official,Sun May 02 2021 05:30:00 GMT+0530 (India Standard Time),
48,Ratua,Malda,assembly_2021,GEN,Samar Mukherjee,AITC,All India Trinamool Congress,130674,59.63,Abishek Singhania,BJP,Bharatiya Janata Party,55024,25.11,75650,34.52,219148,2051,77.59,Election Commission of India,https://results.eci.gov.in,official,Sun May 02 2021 05:30:00 GMT+0530 (India Standard Time),
49,Manikchak,Malda,assembly_2021,GEN,SABITRI MITRA,AITC,All India Trinamool Congress,110234,53.26,GOUR CHANDRA MANDAL,BJP,Bharatiya Janata Party,76356,36.89,33878,16.37,206991,1367,81.70,Election Commission of India,https://results.eci.gov.in,official,Sun May 02 2021 05:30:00 GMT+0530 (India Standard Time),
50,Maldaha,Malda,assembly_2021,SC,Gopal Chandra Saha,BJP,Bharatiya Janata Party,93398,45.23,Ujjwal Kumar Chowdhury,AITC,All India Trinamool Congress,77942,37.75,15456,7.49,206489,2818,83.95,Election Commission of India,https://results.eci.gov.in,official,Sun May 02 2021 05:30:00 GMT+0530 (India Standard Time),
51,English Bazar,Malda,assembly_2021,GEN,SREERUPA MITRA CHAUDHURY(NIRBHOY DIDI),BJP,Bharatiya Janata Party,107755,49.96,KRISHNENDU NARAYAN CHOUDHURY,AITC,All India Trinamool Congress,87656,40.64,20099,9.32,215675,3196,78.34,Election Commission of India,https://results.eci.gov.in,official,Sun May 02 2021 05:30:00 GMT+0530 (India Standard Time),
52,Mothabari,Malda,assembly_2021,GEN,YEASMIN SABINA,AITC,All India Trinamool Congress,97397,59.70,SHYAMCHAND GHOSH,BJP,Bharatiya Janata Party,40824,25.02,56573,34.68,163143,2139,83.10,Election Commission of India,https://results.eci.gov.in,official,Sun May 02 2021 05:30:00 GMT+0530 (India Standard Time),
53,Sujapur,Malda,assembly_2021,GEN,Md Abdul Ghani,AITC,All India Trinamool Congress,152445,73.44,Isha Khan Choudhury,INC,Indian National Congress,22282,10.73,130163,62.70,207591,1527,82.64,Election Commission of India,https://results.eci.gov.in,official,Sun May 02 2021 05:30:00 GMT+0530 (India Standard Time),
54,Baisnabnagar,Malda,assembly_2021,GEN,CHANDANA SARKAR,AITC,All India Trinamool Congress,83061,39.81,SWADHIN KUMAR SARKAR,BJP,Bharatiya Janata Party,80590,38.62,2471,1.18,208652,1705,84.49,Election Commission of India,https://results.eci.gov.in,official,Sun May 02 2021 05:30:00 GMT+0530 (India Standard Time),
55,Farakka,Murshidabad,assembly_2021,GEN,MANIRUL ISLAM,AITC,All India Trinamool Congress,102319,54.89,GHOSH HEMANTA,BJP,Bharatiya Janata Party,42374,22.73,59945,32.16,186424,1638,81.93,Election Commission of India,https://results.eci.gov.in,official,Sun May 02 2021 05:30:00 GMT+0530 (India Standard Time),
56,Samserganj,Murshidabad,assembly_2021,GEN,Amirul Islam,AITC,All India Trinamool Congress,96417,51.13,Zaidur Rahaman,INC,Indian National Congress,70038,37.14,26379,13.99,188582,3064,80.05,Election Commission of India,https://results.eci.gov.in,official,Sun May 02 2021 05:30:00 GMT+0530 (India Standard Time),
57,Suti,Murshidabad,assembly_2021,GEN,EMANI BISWAS,AITC,All India Trinamool Congress,127351,58.87,KOUSHIK DAS,BJP,Bharatiya Janata Party,56650,26.19,70701,32.68,216328,2724,81.50,Election Commission of India,https://results.eci.gov.in,official,Sun May 02 2021 05:30:00 GMT+0530 (India Standard Time),
58,Jangipur,Murshidabad,assembly_2021,GEN,JAKIR HOSSAIN,AITC,All India Trinamool Congress,136444,68.82,SUJIT DAS,BJP,Bharatiya Janata Party,43964,22.17,92480,46.65,198263,4557,77.73,Election Commission of India,https://results.eci.gov.in,official,Sun May 02 2021 05:30:00 GMT+0530 (India Standard Time),
59,RaghunathGanj,Murshidabad,assembly_2021,GEN,Akhruzzaman,AITC,All India Trinamool Congress,126834,66.59,Golam Modaswer,BJP,Bharatiya Janata Party,28521,14.97,98313,51.61,190478,2938,76.33,Election Commission of India,https://results.eci.gov.in,official,Sun May 02 2021 05:30:00 GMT+0530 (India Standard Time),
60,Sagardighi,Murshidabad,assembly_2021,GEN,SUBRATA SAHA,AITC,All India Trinamool Congress,95189,50.95,KHATUN MAFUJA,BJP,Bharatiya Janata Party,44983,24.08,50206,26.87,186816,1705,78.86,Election Commission of India,https://results.eci.gov.in,official,Sun May 02 2021 05:30:00 GMT+0530 (India Standard Time),
61,Lalgola,Murshidabad,assembly_2021,GEN,ALI MOHAMMAD,AITC,All India Trinamool Congress,107860,56.64,ABU HENA,INC,Indian National Congress,47153,24.76,60707,31.88,190438,1394,81.25,Election Commission of India,https://results.eci.gov.in,official,Sun May 02 2021 05:30:00 GMT+0530 (India Standard Time),
62,Bhagawangola,Murshidabad,assembly_2021,GEN,IDRIS ALI,AITC,All India Trinamool Congress,153795,68.05,MD. KAMAL HOSSAIN,CPIM,Communist Party of India (Marxist),47787,21.15,106008,46.91,225990,3396,85.68,Election Commission of India,https://results.eci.gov.in,official,Sun May 02 2021 05:30:00 GMT+0530 (India Standard Time),
63,Raninagar,Murshidabad,assembly_2021,GEN,ABDUL SOUMIK HOSSAIN,AITC,All India Trinamool Congress,134957,60.79,FIROZA BEGAM,INC,Indian National Congress,55255,24.89,79702,35.90,222016,2774,86.69,Election Commission of India,https://results.eci.gov.in,official,Sun May 02 2021 05:30:00 GMT+0530 (India Standard Time),
64,Murshidabad,Murshidabad,assembly_2021,GEN,GOURI SANKAR GHOSH,BJP,Bharatiya Janata Party,95967,41.86,SHAONI SINGHA ROY,AITC,All India Trinamool Congress,93476,40.78,2491,1.09,229231,2904,85.46,Election Commission of India,https://results.eci.gov.in,official,Sun May 02 2021 05:30:00 GMT+0530 (India Standard Time),
65,Nabagram,Murshidabad,assembly_2021,SC,KANAI CHANDRA MONDAL,AITC,All India Trinamool Congress,100455,48.18,MOHAN HALDER,BJP,Bharatiya Janata Party,64922,31.14,35533,17.04,208516,2629,82.95,Election Commission of India,https://results.eci.gov.in,official,Sun May 02 2021 05:30:00 GMT+0530 (India Standard Time),
66,Khargram,Murshidabad,assembly_2021,SC,ASHIS MARJIT,AITC,All India Trinamool Congress,93255,50.15,ADITYA MOULIK,BJP,Bharatiya Janata Party,60682,32.64,32573,17.52,185936,1685,81.22,Election Commission of India,https://results.eci.gov.in,official,Sun May 02 2021 05:30:00 GMT+0530 (India Standard Time),
67,Burwan,Murshidabad,assembly_2021,SC,JIBAN KRISHNA SAHA,AITC,All India Trinamool Congress,81890,46.32,AMIYA KUMAR DAS,BJP,Bharatiya Janata Party,79141,44.76,2749,1.55,176803,2008,81.29,Election Commission of India,https://results.eci.gov.in,official,Sun May 02 2021 05:30:00 GMT+0530 (India Standard Time),
68,Kandi,Murshidabad,assembly_2021,GEN,APURBA SARKAR (DAVID),AITC,All India Trinamool Congress,95399,51.16,GOUTAM ROY,BJP,Bharatiya Janata Party,57319,30.74,38080,20.42,186481,3131,78.03,Election Commission of India,https://results.eci.gov.in,official,Sun May 02 2021 05:30:00 GMT+0530 (India Standard Time),
69,Bharatpur,Murshidabad,assembly_2021,GEN,HUMAYUN KABIR,AITC,All India Trinamool Congress,96226,50.90,IMAN KALYAN MUKHERJEE,BJP,Bharatiya Janata Party,53143,28.11,43083,22.79,189047,2444,77.60,Election Commission of India,https://results.eci.gov.in,official,Sun May 02 2021 05:30:00 GMT+0530 (India Standard Time),
70,Rejinagar,Murshidabad,assembly_2021,GEN,RABIUL ALAM CHOWDHURY,AITC,All India Trinamool Congress,118494,56.31,ARABINDA BISWAS,BJP,Bharatiya Janata Party,50226,23.87,68268,32.44,210445,1560,81.01,Election Commission of India,https://results.eci.gov.in,official,Sun May 02 2021 05:30:00 GMT+0530 (India Standard Time),
71,Beldanga,Murshidabad,assembly_2021,GEN,HASANUZZAMAN SK,AITC,All India Trinamool Congress,112862,55.19,SUMIT GHOSH,BJP,Bharatiya Janata Party,59030,28.86,53832,26.32,204511,1368,80.85,Election Commission of India,https://results.eci.gov.in,official,Sun May 02 2021 05:30:00 GMT+0530 (India Standard Time),
72,Baharampur,Murshidabad,assembly_2021,GEN,Subrata Maitra (Kanchan),BJP,Bharatiya Janata Party,89340,45.21,Naru Gopal Mukherjee,AITC,All India Trinamool Congress,62488,31.62,26852,13.59,197607,2525,75.81,Election Commission of India,https://results.eci.gov.in,official,Sun May 02 2021 05:30:00 GMT+0530 (India Standard Time),
73,Hariharpara,Murshidabad,assembly_2021,GEN,NIAMOT SHEIKH,AITC,All India Trinamool Congress,102660,47.51,MIR ALAMGIR (PALASH),INC,Indian National Congress,88594,41.00,14066,6.51,216075,1117,87.33,Election Commission of India,https://results.eci.gov.in,official,Sun May 02 2021 05:30:00 GMT+0530 (India Standard Time),
74,Nowda,Murshidabad,assembly_2021,GEN,SAHINA MOMTAZ KHAN,AITC,All India Trinamool Congress,117684,58.16,ANUPAM MANDAL,BJP,Bharatiya Janata Party,43531,21.51,74153,36.65,202349,1308,81.70,Election Commission of India,https://results.eci.gov.in,official,Sun May 02 2021 05:30:00 GMT+0530 (India Standard Time),
75,Domkal,Murshidabad,assembly_2021,GEN,JAFIKUL ISLAM,AITC,All India Trinamool Congress,127671,56.45,MD. MOSTAFIJUR RAHAMAN (RANA),CPIM,Communist Party of India (Marxist),80442,35.57,47229,20.88,226183,2419,84.94,Election Commission of India,https://results.eci.gov.in,official,Sun May 02 2021 05:30:00 GMT+0530 (India Standard Time),
76,Jalangi,Murshidabad,assembly_2021,GEN,ABDUR RAZZAK,AITC,All India Trinamool Congress,123840,55.74,SAIFUL ISLAM MOLLA,CPIM,Communist Party of India (Marxist),44564,20.06,79276,35.68,222167,2551,85.04,Election Commission of India,https://results.eci.gov.in,official,Sun May 02 2021 05:30:00 GMT+0530 (India Standard Time),
77,Karimpur,Nadia,assembly_2021,GEN,Bimalendu Sinha Roy,AITC,All India Trinamool Congress,110911,50.07,Samarendranath Ghosh,BJP,Bharatiya Janata Party,87336,39.43,23575,10.64,221506,1328,88.24,Election Commission of India,https://results.eci.gov.in,official,Sun May 02 2021 05:30:00 GMT+0530 (India Standard Time),
78,Tehatta,Nadia,assembly_2021,GEN,Tapas Kumar Saha,AITC,All India Trinamool Congress,97848,44.86,Ashutosh Paul,BJP,Bharatiya Janata Party,90933,41.69,6915,3.17,218109,1736,86.40,Election Commission of India,https://results.eci.gov.in,official,Sun May 02 2021 05:30:00 GMT+0530 (India Standard Time),
79,Palashipara,Nadia,assembly_2021,GEN,Dr. Manik Bhattacharya,AITC,All India Trinamool Congress,110274,54.22,Bibhash Chandra Mandal,BJP,Bharatiya Janata Party,58938,28.98,51336,25.24,203385,1654,83.06,Election Commission of India,https://results.eci.gov.in,official,Sun May 02 2021 05:30:00 GMT+0530 (India Standard Time),
80,Kaliganj,Nadia,assembly_2021,GEN,NASIRUDDIN AHAMED (LAL),AITC,All India Trinamool Congress,111696,53.35,ABHIJIT GHOSH,BJP,Bharatiya Janata Party,64709,30.91,46987,22.44,209379,2051,84.31,Election Commission of India,https://results.eci.gov.in,official,Sun May 02 2021 05:30:00 GMT+0530 (India Standard Time),
81,Nakashipara,Nadia,assembly_2021,GEN,Kallol Khan,AITC,All India Trinamool Congress,104812,50.01,Santanu Dey,BJP,Bharatiya Janata Party,83541,39.86,21271,10.15,209570,1146,84.61,Election Commission of India,https://results.eci.gov.in,official,Sun May 02 2021 05:30:00 GMT+0530 (India Standard Time),
82,Chapra,Nadia,assembly_2021,GEN,RUKBANUR RAHMAN,AITC,All India Trinamool Congress,73866,34.65,JEBER SEKH,IND,Independent,61748,28.97,12118,5.68,213175,2023,85.95,Election Commission of India,https://results.eci.gov.in,official,Sun May 02 2021 05:30:00 GMT+0530 (India Standard Time),
83,Krishnanagar Uttar,Nadia,assembly_2021,GEN,MUKUL ROY,BJP,Bharatiya Janata Party,109357,54.19,KOUSHANI MUKHERJEE,AITC,All India Trinamool Congress,74268,36.80,35089,17.39,201805,1851,84.71,Election Commission of India,https://results.eci.gov.in,official,Sun May 02 2021 05:30:00 GMT+0530 (India Standard Time),
84,Nabadwip,Nadia,assembly_2021,GEN,PUNDARIKAKSHYA SAHA,AITC,All India Trinamool Congress,102170,48.52,SIDHARTHA SHANKAR NASKAR,BJP,Bharatiya Janata Party,83599,39.70,18571,8.82,210589,2344,86.61,Election Commission of India,https://results.eci.gov.in,official,Sun May 02 2021 05:30:00 GMT+0530 (India Standard Time),
85,Krishnanagar Dakshin,Nadia,assembly_2021,GEN,UJJAL BISWAS,AITC,All India Trinamool Congress,91738,46.88,MAHADEV SARKAR,BJP,Bharatiya Janata Party,82433,42.13,9305,4.76,195685,2165,86.93,Election Commission of India,https://results.eci.gov.in,official,Sun May 02 2021 05:30:00 GMT+0530 (India Standard Time),
86,Santipur,Nadia,assembly_2021,SC,JAGANNATH SARKAR,BJP,Bharatiya Janata Party,109722,49.94,AJOY DEY,AITC,All India Trinamool Congress,93844,42.72,15878,7.23,219692,2385,85.95,Election Commission of India,https://results.eci.gov.in,official,Sun May 02 2021 05:30:00 GMT+0530 (India Standard Time),
87,Ranaghat Uttar Paschim,Nadia,assembly_2021,GEN,PARTHASARATHI CHATTERJEE,BJP,Bharatiya Janata Party,113637,50.91,SANKAR SINGHA,AITC,All India Trinamool Congress,90509,40.55,23128,10.36,223193,2258,83.96,Election Commission of India,https://results.eci.gov.in,official,Sun May 02 2021 05:30:00 GMT+0530 (India Standard Time),
88,Krishnaganj,Nadia,assembly_2021,SC,ASHIS KUMAR BISWAS,BJP,Bharatiya Janata Party,117668,50.73,DR. TAPAS MANDAL,AITC,All India Trinamool Congress,96391,41.56,21277,9.17,231938,2099,84.73,Election Commission of India,https://results.eci.gov.in,official,Sun May 02 2021 05:30:00 GMT+0530 (India Standard Time),
89,Ranaghat Uttar Purba,Nadia,assembly_2021,SC,ASHIM BISWAS,BJP,Bharatiya Janata Party,116786,54.39,SAMIR KUMAR PODDAR,AITC,All India Trinamool Congress,85004,39.59,31782,14.80,214736,2359,81.05,Election Commission of India,https://results.eci.gov.in,official,Sun May 02 2021 05:30:00 GMT+0530 (India Standard Time),
90,Ranaghat Dakshin,Nadia,assembly_2021,SC,MUKUT MANI ADHIKARI,BJP,Bharatiya Janata Party,119260,49.34,BARNALI DEY ROY,AITC,All India Trinamool Congress,102745,42.51,16515,6.83,241687,1577,84.75,Election Commission of India,https://results.eci.gov.in,official,Sun May 02 2021 05:30:00 GMT+0530 (India Standard Time),
91,Chakdaha,Nadia,assembly_2021,GEN,Bankim Chandra Ghosh,BJP,Bharatiya Janata Party,99368,46.86,Subhankar Singha (Jishu),AITC,All India Trinamool Congress,87688,41.35,11680,5.51,212064,1487,86.38,Election Commission of India,https://results.eci.gov.in,official,Sun May 02 2021 05:30:00 GMT+0530 (India Standard Time),
92,Kalyani,North 24 Parganas,assembly_2021,SC,AMBIKA ROY,BJP,Bharatiya Janata Party,97026,44.04,ANIRUDDHA BISWAS,AITC,All India Trinamool Congress,94820,43.03,2206,1.00,220338,2577,85.51,Election Commission of India,https://results.eci.gov.in,official,Sun May 02 2021 05:30:00 GMT+0530 (India Standard Time),
93,Haringhata,North 24 Parganas,assembly_2021,SC,ASIM KUMAR SARKAR,BJP,Bharatiya Janata Party,97666,46.31,NILIMA NAG (MALLICK),AITC,All India Trinamool Congress,82466,39.11,15200,7.21,210874,1427,87.64,Election Commission of India,https://results.eci.gov.in,official,Sun May 02 2021 05:30:00 GMT+0530 (India Standard Time),
94,Bagda,North 24 Parganas,assembly_2021,SC,Biswajit Das,BJP,Bharatiya Janata Party,108111,49.41,Paritosh Kumar Saha,AITC,All India Trinamool Congress,98319,44.94,9792,4.48,218791,1020,78.85,Election Commission of India,https://results.eci.gov.in,official,Sun May 02 2021 05:30:00 GMT+0530 (India Standard Time),
95,Bangaon Uttar,North 24 Parganas,assembly_2021,SC,ASHOK KIRTANIA,BJP,Bharatiya Janata Party,97761,47.65,SHYAMAL ROY,AITC,All India Trinamool Congress,87273,42.54,10488,5.11,205175,1833,81.62,Election Commission of India,https://results.eci.gov.in,official,Sun May 02 2021 05:30:00 GMT+0530 (India Standard Time),
96,Bangaon Dakshin,North 24 Parganas,assembly_2021,SC,SWAPAN MAJUMDER,BJP,Bharatiya Janata Party,97828,47.07,ALO RANI SARKAR,AITC,All India Trinamool Congress,95824,46.11,2004,0.96,207834,1542,83.71,Election Commission of India,https://results.eci.gov.in,official,Sun May 02 2021 05:30:00 GMT+0530 (India Standard Time),
97,Gaighata,North 24 Parganas,assembly_2021,SC,SUBRATA THAKUR,BJP,Bharatiya Janata Party,100808,47.27,NAROTTAM BISWAS,AITC,All India Trinamool Congress,91230,42.78,9578,4.49,213243,1409,84.60,Election Commission of India,https://results.eci.gov.in,official,Sun May 02 2021 05:30:00 GMT+0530 (India Standard Time),
98,Swarupnagar,North 24 Parganas,assembly_2021,SC,BINA MONDAL,AITC,All India Trinamool Congress,99784,47.11,BRINDABAN SARKAR,BJP,Bharatiya Janata Party,64984,30.68,34800,16.43,211804,1256,86.06,Election Commission of India,https://results.eci.gov.in,official,Sun May 02 2021 05:30:00 GMT+0530 (India Standard Time),
99,Baduria,North 24 Parganas,assembly_2021,GEN,ABDUR RAHIM QUAZI,AITC,All India Trinamool Congress,109701,51.53,SUKALYAN BAIDYA,BJP,Bharatiya Janata Party,53257,25.02,56444,26.51,212883,1953,87.34,Election Commission of India,https://results.eci.gov.in,official,Sun May 02 2021 05:30:00 GMT+0530 (India Standard Time),
100,Habra,North 24 Parganas,assembly_2021,GEN,JYOTI PRIYA MALLICK,AITC,All India Trinamool Congress,90533,44.34,RAHUL (BISWAJIT) SINHA,BJP,Bharatiya Janata Party,86692,42.46,3841,1.88,204171,1290,84.22,Election Commission of India,https://results.eci.gov.in,official,Sun May 02 2021 05:30:00 GMT+0530 (India Standard Time),
101,Ashoknagar,North 24 Parganas,assembly_2021,GEN,NARAYAN GOSWAMI,AITC,All India Trinamool Congress,93587,43.18,TANUJA CHAKRABORTY,BJP,Bharatiya Janata Party,70055,32.32,23532,10.86,216724,1611,84.27,Election Commission of India,https://results.eci.gov.in,official,Sun May 02 2021 05:30:00 GMT+0530 (India Standard Time),
102,Amdanga,North 24 Parganas,assembly_2021,GEN,RAFIQUR RAHAMAN,AITC,All India Trinamool Congress,88935,42.00,JOYDEV MANNA,BJP,Bharatiya Janata Party,63455,29.97,25480,12.03,211742,2324,87.33,Election Commission of India,https://results.eci.gov.in,official,Sun May 02 2021 05:30:00 GMT+0530 (India Standard Time),
103,Bijpur,North 24 Parganas,assembly_2021,GEN,SUBODH ADHIKARY,AITC,All India Trinamool Congress,66625,47.90,SUBHRANSHU ROY,BJP,Bharatiya Janata Party,53278,38.30,13347,9.60,139096,1227,72.33,Election Commission of India,https://results.eci.gov.in,official,Sun May 02 2021 05:30:00 GMT+0530 (India Standard Time),
104,Naihati,North 24 Parganas,assembly_2021,GEN,PARTHA BHOWMICK,AITC,All India Trinamool Congress,77753,49.69,PHALGUNI PATRA,BJP,Bharatiya Janata Party,58898,37.64,18855,12.05,156468,1701,80.68,Election Commission of India,https://results.eci.gov.in,official,Sun May 02 2021 05:30:00 GMT+0530 (India Standard Time),
105,Bhatpara,North 24 Parganas,assembly_2021,GEN,PAWAN KUMAR SINGH,BJP,Bharatiya Janata Party,57244,53.40,JITENDRA SHAW (JITU),AITC,All India Trinamool Congress,43557,40.63,13687,12.77,107197,1160,69.59,Election Commission of India,https://results.eci.gov.in,official,Sun May 02 2021 05:30:00 GMT+0530 (India Standard Time),
106,Jagatdal,North 24 Parganas,assembly_2021,GEN,SOMENATH SHYAM ICHINI,AITC,All India Trinamool Congress,87030,48.01,ARINDAM BHATTACHARYA,BJP,Bharatiya Janata Party,68666,37.88,18364,10.13,181287,2568,77.52,Election Commission of India,https://results.eci.gov.in,official,Sun May 02 2021 05:30:00 GMT+0530 (India Standard Time),
107,Noapara,North 24 Parganas,assembly_2021,GEN,MANJU BASU,AITC,All India Trinamool Congress,94203,48.90,SUNIL SINGH,BJP,Bharatiya Janata Party,67493,35.04,26710,13.87,192634,2886,73.48,Election Commission of India,https://results.eci.gov.in,official,Sun May 02 2021 05:30:00 GMT+0530 (India Standard Time),
108,Barrackpur,North 24 Parganas,assembly_2021,GEN,RAJU CHAKRABORTY (RAJ),AITC,All India Trinamool Congress,68887,46.47,CHANDRAMANI SHUKLA,BJP,Bharatiya Janata Party,59665,40.25,9222,6.22,148249,1930,68.84,Election Commission of India,https://results.eci.gov.in,official,Sun May 02 2021 05:30:00 GMT+0530 (India Standard Time),
109,Khardaha,North 24 Parganas,assembly_2021,GEN,KAJAL SINHA,AITC,All India Trinamool Congress,89807,49.04,SILBHADRA DATTA,BJP,Bharatiya Janata Party,61667,33.67,28140,15.36,183147,2415,78.73,Election Commission of India,https://results.eci.gov.in,official,Sun May 02 2021 05:30:00 GMT+0530 (India Standard Time),
110,Dum Dum Uttar,North 24 Parganas,assembly_2021,GEN,CHANDRIMA BHATTACHARYA,AITC,All India Trinamool Congress,95465,44.79,DR. ARCHANA MAJUMDAR,BJP,Bharatiya Janata Party,66966,31.42,28499,13.37,213149,2111,78.07,Election Commission of India,https://results.eci.gov.in,official,Sun May 02 2021 05:30:00 GMT+0530 (India Standard Time),
111,Panihati,North 24 Parganas,assembly_2021,GEN,NIRMAL GHOSH,AITC,All India Trinamool Congress,86495,49.61,SANMOY BANDYOPADHYAY,BJP,Bharatiya Janata Party,61318,35.17,25177,14.44,174356,2334,75.56,Election Commission of India,https://results.eci.gov.in,official,Sun May 02 2021 05:30:00 GMT+0530 (India Standard Time),
112,Kamarhati,North 24 Parganas,assembly_2021,GEN,MADAN MITRA,AITC,All India Trinamool Congress,73845,51.17,Anindya Banerjee,BJP,Bharatiya Janata Party,38437,26.64,35408,24.54,144310,1553,73.22,Election Commission of India,https://results.eci.gov.in,official,Sun May 02 2021 05:30:00 GMT+0530 (India Standard Time),
113,Baranagar,North 24 Parganas,assembly_2021,GEN,TAPAS ROY,AITC,All India Trinamool Congress,85615,53.42,PARNO MITTRA,BJP,Bharatiya Janata Party,50468,31.49,35147,21.93,160259,2378,73.59,Election Commission of India,https://results.eci.gov.in,official,Sun May 02 2021 05:30:00 GMT+0530 (India Standard Time),
114,Dum Dum,North 24 Parganas,assembly_2021,GEN,BRATYA BASU,AITC,All India Trinamool Congress,87999,47.48,BIMALSHANKAR NANDA,BJP,Bharatiya Janata Party,61268,33.06,26731,14.42,185334,2039,74.77,Election Commission of India,https://results.eci.gov.in,official,Sun May 02 2021 05:30:00 GMT+0530 (India Standard Time),
115,Rajarhat New Town,Kolkata,assembly_2021,GEN,TAPASH CHATTERJEE,AITC,All India Trinamool Congress,127374,54.22,BHASKAR ROY S/O - DULAL ROY,BJP,Bharatiya Janata Party,70942,30.20,56432,24.02,234906,2032,81.26,Election Commission of India,https://results.eci.gov.in,official,Sun May 02 2021 05:30:00 GMT+0530 (India Standard Time),
116,Bidhannagar,Kolkata,assembly_2021,GEN,SUJIT BOSE S/O - LATE AJIT BOSE,AITC,All India Trinamool Congress,75912,46.85,SABYA SACHI DUTTA S/O - LATE GOURI SANKAR DUTTA,BJP,Bharatiya Janata Party,67915,41.91,7997,4.94,162035,2213,66.58,Election Commission of India,https://results.eci.gov.in,official,Sun May 02 2021 05:30:00 GMT+0530 (India Standard Time),
117,Rajarhat Gopalpur,Kolkata,assembly_2021,GEN,ADITI MUNSHI,AITC,All India Trinamool Congress,87650,49.04,SAMIK BHATTACHARYA,BJP,Bharatiya Janata Party,62354,34.89,25296,14.15,178723,2258,69.42,Election Commission of India,https://results.eci.gov.in,official,Sun May 02 2021 05:30:00 GMT+0530 (India Standard Time),
118,Madhyamgram,Kolkata,assembly_2021,GEN,RATHIN GHOSH,AITC,All India Trinamool Congress,112741,48.93,RAJASREE RAJBANSHI,BJP,Bharatiya Janata Party,64615,28.04,48126,20.89,230431,3152,84.59,Election Commission of India,https://results.eci.gov.in,official,Sun May 02 2021 05:30:00 GMT+0530 (India Standard Time),
119,Barasat,Kolkata,assembly_2021,GEN,CHIRANJEET CHAKRABARTI,AITC,All India Trinamool Congress,104431,46.27,SANKAR CHATTERJEE,BJP,Bharatiya Janata Party,80648,35.73,23783,10.54,225707,2688,80.73,Election Commission of India,https://results.eci.gov.in,official,Sun May 02 2021 05:30:00 GMT+0530 (India Standard Time),
120,Deganga,Kolkata,assembly_2021,GEN,RAHIMA MONDAL,AITC,All India Trinamool Congress,100105,46.70,KARIM ALI,OTHER,Other Parties,67568,31.52,32537,15.18,214380,2100,88.35,Election Commission of India,https://results.eci.gov.in,official,Sun May 02 2021 05:30:00 GMT+0530 (India Standard Time),
121,Haroa,Kolkata,assembly_2021,GEN,ISLAM SK NURUL (HAJI),AITC,All India Trinamool Congress,130398,57.34,KUTUBUDDIN FATHE,OTHER,Other Parties,49420,21.73,80978,35.61,227395,2930,87.73,Election Commission of India,https://results.eci.gov.in,official,Sun May 02 2021 05:30:00 GMT+0530 (India Standard Time),
122,Minakhan,Howrah,assembly_2021,SC,USHA RANI MONDAL,AITC,All India Trinamool Congress,109818,51.72,JAYANTA MONDAL,BJP,Bharatiya Janata Party,53988,25.42,55830,26.29,212352,3940,89.78,Election Commission of India,https://results.eci.gov.in,official,Sun May 02 2021 05:30:00 GMT+0530 (India Standard Time),
123,Sandeshkhali,Howrah,assembly_2021,ST,SUKUMAR MAHATA,AITC,All India Trinamool Congress,112450,54.64,DR. BHASKAR SARDAR,BJP,Bharatiya Janata Party,72765,35.36,39685,19.28,205787,2456,86.24,Election Commission of India,https://results.eci.gov.in,official,Sun May 02 2021 05:30:00 GMT+0530 (India Standard Time),
124,Basirhat Dakshin,Howrah,assembly_2021,GEN,DR. SAPTARSHI BANERJEE,AITC,All India Trinamool Congress,115873,49.15,TARAK NATH GHOSH,BJP,Bharatiya Janata Party,91405,38.77,24468,10.38,235737,1689,85.43,Election Commission of India,https://results.eci.gov.in,official,Sun May 02 2021 05:30:00 GMT+0530 (India Standard Time),
125,Basirhat Uttar,Howrah,assembly_2021,GEN,RAFIKUL ISLAM MONDAL,AITC,All India Trinamool Congress,137216,57.55,MD BAIJID AMIN,OTHER,Other Parties,47865,20.08,89351,37.48,238426,1952,88.95,Election Commission of India,https://results.eci.gov.in,official,Sun May 02 2021 05:30:00 GMT+0530 (India Standard Time),
126,Hingalganj,Howrah,assembly_2021,SC,DEBES MANDAL,AITC,All India Trinamool Congress,104706,53.78,NEMAI DAS,BJP,Bharatiya Janata Party,79790,40.98,24916,12.80,194681,1736,85.20,Election Commission of India,https://results.eci.gov.in,official,Sun May 02 2021 05:30:00 GMT+0530 (India Standard Time),
127,Gosaba,Howrah,assembly_2021,SC,JAYANTA NASKAR,AITC,All India Trinamool Congress,105723,53.99,BARUN PRAMANIK (CHITTA),BJP,Bharatiya Janata Party,82014,41.88,23709,12.11,195808,1017,85.01,Election Commission of India,https://results.eci.gov.in,official,Sun May 02 2021 05:30:00 GMT+0530 (India Standard Time),
128,Basanti,Howrah,assembly_2021,SC,SHYAMAL MONDAL,AITC,All India Trinamool Congress,111453,52.10,RAMESH MAJHI,BJP,Bharatiya Janata Party,60811,28.43,50642,23.67,213910,1907,82.06,Election Commission of India,https://results.eci.gov.in,official,Sun May 02 2021 05:30:00 GMT+0530 (India Standard Time),
129,Kultali,Howrah,assembly_2021,SC,Ganesh Chandra Mondal,AITC,All India Trinamool Congress,117238,51.57,Mintu Halder,BJP,Bharatiya Janata Party,70061,30.82,47177,20.75,227351,1048,85.61,Election Commission of India,https://results.eci.gov.in,official,Sun May 02 2021 05:30:00 GMT+0530 (India Standard Time),
130,Patharpratima,Howrah,assembly_2021,GEN,SAMIR KUMAR JANA,AITC,All India Trinamool Congress,120181,51.85,ASIT KUMAR HALDAR,BJP,Bharatiya Janata Party,98047,42.30,22134,9.55,231786,1214,87.91,Election Commission of India,https://results.eci.gov.in,official,Sun May 02 2021 05:30:00 GMT+0530 (India Standard Time),
131,Kakdwip,Howrah,assembly_2021,GEN,MANTURAM PAKHIRA,AITC,All India Trinamool Congress,114493,52.14,DIPANKAR JANA,BJP,Bharatiya Janata Party,89191,40.62,25302,11.52,219597,1023,88.61,Election Commission of India,https://results.eci.gov.in,official,Sun May 02 2021 05:30:00 GMT+0530 (India Standard Time),
132,Sagar,Howrah,assembly_2021,GEN,BANKIM CHANDRA HAZRA,AITC,All India Trinamool Congress,129000,53.96,KAMILA BIKASH,BJP,Bharatiya Janata Party,99154,41.48,29846,12.48,239067,1025,87.02,Election Commission of India,https://results.eci.gov.in,official,Sun May 02 2021 05:30:00 GMT+0530 (India Standard Time),
133,Kulpi,Howrah,assembly_2021,GEN,JOGARANJAN HALDER,AITC,All India Trinamool Congress,96577,50.01,PRANAB KUMAR MALLIK,BJP,Bharatiya Janata Party,62759,32.50,33818,17.51,193130,1685,87.73,Election Commission of India,https://results.eci.gov.in,official,Sun May 02 2021 05:30:00 GMT+0530 (India Standard Time),
134,Raidighi,Howrah,assembly_2021,SC,ALOKE JALDATA,AITC,All India Trinamool Congress,115707,48.47,SANTANU BAPULI,BJP,Bharatiya Janata Party,80139,33.57,35568,14.90,238720,1462,87.26,Election Commission of India,https://results.eci.gov.in,official,Sun May 02 2021 05:30:00 GMT+0530 (India Standard Time),
135,Mandirbazar,Howrah,assembly_2021,SC,JOYDEB HALDER,AITC,All India Trinamool Congress,95834,48.04,DILIP KUMAR JATUA,BJP,Bharatiya Janata Party,72342,36.26,23492,11.78,199490,1822,87.06,Election Commission of India,https://results.eci.gov.in,official,Sun May 02 2021 05:30:00 GMT+0530 (India Standard Time),
136,Jaynagar,Howrah,assembly_2021,SC,BISWANATH DAS,AITC,All India Trinamool Congress,104952,51.85,RABIN SARDAR,BJP,Bharatiya Janata Party,66269,32.74,38683,19.11,202431,1164,84.36,Election Commission of India,https://results.eci.gov.in,official,Sun May 02 2021 05:30:00 GMT+0530 (India Standard Time),
137,Baruipur Purba,Howrah,assembly_2021,SC,BIVAS SARDAR (VOBO),AITC,All India Trinamool Congress,123243,54.75,CHANDAN MONDAL,BJP,Bharatiya Janata Party,73602,32.70,49641,22.05,225114,1855,84.92,Election Commission of India,https://results.eci.gov.in,official,Sun May 02 2021 05:30:00 GMT+0530 (India Standard Time),
138,Canning Paschim,Hooghly,assembly_2021,SC,Paresh Ram Das,AITC,All India Trinamool Congress,111059,50.86,ARNAB ROY,BJP,Bharatiya Janata Party,75816,34.72,35243,16.14,218354,3032,84.74,Election Commission of India,https://results.eci.gov.in,official,Sun May 02 2021 05:30:00 GMT+0530 (India Standard Time),
139,Canning Purba,Hooghly,assembly_2021,GEN,SAOKAT MOLLA,AITC,All India Trinamool Congress,122301,52.54,GAZI SHAHABUDDIN SIRAJI,OTHER,Other Parties,69294,29.77,53007,22.77,232766,2267,88.72,Election Commission of India,https://results.eci.gov.in,official,Sun May 02 2021 05:30:00 GMT+0530 (India Standard Time),
140,Baruipur Paschim,Hooghly,assembly_2021,GEN,BIMAN BANERJEE,AITC,All India Trinamool Congress,121006,57.27,DEBOPAM CHATTOPADHYAYA(BABU),BJP,Bharatiya Janata Party,59096,27.97,61910,29.30,211293,1536,83.27,Election Commission of India,https://results.eci.gov.in,official,Sun May 02 2021 05:30:00 GMT+0530 (India Standard Time),
141,Magrahat Purba,Hooghly,assembly_2021,SC,NAMITA SAHA,AITC,All India Trinamool Congress,110945,53.82,CHANDAN KUMAR NASKAR,BJP,Bharatiya Janata Party,56866,27.58,54079,26.23,206153,1480,85.00,Election Commission of India,https://results.eci.gov.in,official,Sun May 02 2021 05:30:00 GMT+0530 (India Standard Time),
142,Magrahat Paschim,Hooghly,assembly_2021,GEN,GIAS UDDIN MOLLA,AITC,All India Trinamool Congress,97006,49.93,DHURJATI SAHA (MANAS),BJP,Bharatiya Janata Party,50065,25.77,46941,24.16,194282,2286,84.68,Election Commission of India,https://results.eci.gov.in,official,Sun May 02 2021 05:30:00 GMT+0530 (India Standard Time),
143,Diamond Harbour,Hooghly,assembly_2021,GEN,PANNALAL HALDER,AITC,All India Trinamool Congress,98478,43.69,DIPAK KUMAR HALDER,BJP,Bharatiya Janata Party,81482,36.15,16996,7.54,225397,1449,88.35,Election Commission of India,https://results.eci.gov.in,official,Sun May 02 2021 05:30:00 GMT+0530 (India Standard Time),
144,Falta,Hooghly,assembly_2021,GEN,SANKAR KUMAR NASKAR,AITC,All India Trinamool Congress,117179,56.35,BIDHAN PARUI,BJP,Bharatiya Janata Party,76405,36.75,40774,19.61,207932,1185,87.82,Election Commission of India,https://results.eci.gov.in,official,Sun May 02 2021 05:30:00 GMT+0530 (India Standard Time),
145,Satgachhia,Hooghly,assembly_2021,SC,MOHAN CHANDRA NASKAR,AITC,All India Trinamool Congress,118635,50.37,CHANDAN PAL,BJP,Bharatiya Janata Party,95317,40.47,23318,9.90,235546,1377,87.18,Election Commission of India,https://results.eci.gov.in,official,Sun May 02 2021 05:30:00 GMT+0530 (India Standard Time),
146,Bishnupur,Hooghly,assembly_2021,SC,DILIP MONDAL,AITC,All India Trinamool Congress,136509,57.46,AGNISWAR NASKAR,BJP,Bharatiya Janata Party,77677,32.70,58832,24.76,237570,1863,85.26,Election Commission of India,https://results.eci.gov.in,official,Sun May 02 2021 05:30:00 GMT+0530 (India Standard Time),
147,Sonarpur Dakshin,Hooghly,assembly_2021,GEN,ARUNDHUTI MAITRA (LOVELY),AITC,All India Trinamool Congress,109222,46.92,ANJANA BASU,BJP,Bharatiya Janata Party,83041,35.67,26181,11.25,232807,2550,80.76,Election Commission of India,https://results.eci.gov.in,official,Sun May 02 2021 05:30:00 GMT+0530 (India Standard Time),
148,Bhangar,Hooghly,assembly_2021,GEN,MD. NAWSAD SIDDIQUE,OTHER,Other Parties,109237,45.10,KARIM REZAUL,AITC,All India Trinamool Congress,83086,34.31,26151,10.80,242185,3243,89.07,Election Commission of India,https://results.eci.gov.in,official,Sun May 02 2021 05:30:00 GMT+0530 (India Standard Time),
149,Kasba,Hooghly,assembly_2021,GEN,AHMED JAVED KHAN,AITC,All India Trinamool Congress,121372,54.39,DR. INDRANIL KHAN,BJP,Bharatiya Janata Party,57750,25.88,63622,28.51,223154,2476,72.86,Election Commission of India,https://results.eci.gov.in,official,Sun May 02 2021 05:30:00 GMT+0530 (India Standard Time),
150,Jadavpur,Hooghly,assembly_2021,GEN,DEBABRATA MAJUMDAR (MALAY),AITC,All India Trinamool Congress,98100,45.54,Dr. SUJAN CHAKRABORTY,CPIM,Communist Party of India (Marxist),59231,27.50,38869,18.04,215419,2730,71.85,Election Commission of India,https://results.eci.gov.in,official,Sun May 02 2021 05:30:00 GMT+0530 (India Standard Time),
151,Sonarpur Uttar,Hooghly,assembly_2021,GEN,FIRDOUSI BEGUM,AITC,All India Trinamool Congress,119957,49.88,RANJAN BAIDYA,BJP,Bharatiya Janata Party,83867,34.87,36090,15.01,240495,2114,80.08,Election Commission of India,https://results.eci.gov.in,official,Sun May 02 2021 05:30:00 GMT+0530 (India Standard Time),
152,Tollyganj,Hooghly,assembly_2021,GEN,AROOP BISWAS,AITC,All India Trinamool Congress,101440,51.40,BABUL SUPRIYO,BJP,Bharatiya Janata Party,51360,26.02,50080,25.37,197365,2310,73.18,Election Commission of India,https://results.eci.gov.in,official,Sun May 02 2021 05:30:00 GMT+0530 (India Standard Time),
153,Behala Purba,Hooghly,assembly_2021,GEN,Ratna Chatterjee,AITC,All India Trinamool Congress,110968,50.01,Payel Sarkar,BJP,Bharatiya Janata Party,73540,33.15,37428,16.87,221872,2835,71.97,Election Commission of India,https://results.eci.gov.in,official,Sun May 02 2021 05:30:00 GMT+0530 (India Standard Time),
154,Behala Paschim,Hooghly,assembly_2021,GEN,PARTHA CHATTERJEE,AITC,All India Trinamool Congress,114778,49.51,SRABANTI CHATTERJEE,BJP,Bharatiya Janata Party,63894,27.56,50884,21.95,231816,2433,74.02,Election Commission of India,https://results.eci.gov.in,official,Sun May 02 2021 05:30:00 GMT+0530 (India Standard Time),
155,Maheshtala,Hooghly,assembly_2021,GEN,DULAL CHANDRA DAS,AITC,All India Trinamool Congress,124008,56.38,UMESH DAS,BJP,Bharatiya Janata Party,66059,30.03,57949,26.34,219969,2049,81.17,Election Commission of India,https://results.eci.gov.in,official,Sun May 02 2021 05:30:00 GMT+0530 (India Standard Time),
156,Budge Budge,Paschim Bardhaman,assembly_2021,GEN,ASHOK KUMAR DEB,AITC,All India Trinamool Congress,122357,56.41,DR. TARUN KUMAR ADAK,BJP,Bharatiya Janata Party,77643,35.80,44714,20.62,216892,2735,84.68,Election Commission of India,https://results.eci.gov.in,official,Sun May 02 2021 05:30:00 GMT+0530 (India Standard Time),
157,Metiaburuz,Paschim Bardhaman,assembly_2021,GEN,ABDUL KHALEQUE MOLLA,AITC,All India Trinamool Congress,151066,76.85,RAMJIT PRASAD,BJP,Bharatiya Janata Party,31462,16.00,119604,60.84,196582,3008,76.70,Election Commission of India,https://results.eci.gov.in,official,Sun May 02 2021 05:30:00 GMT+0530 (India Standard Time),
158,Kolkata Port,Paschim Bardhaman,assembly_2021,GEN,Firhad Hakim,AITC,All India Trinamool Congress,105543,69.23,Awadh Kishore Gupta,BJP,Bharatiya Janata Party,36989,24.26,68554,44.97,152443,1360,64.61,Election Commission of India,https://results.eci.gov.in,official,Sun May 02 2021 05:30:00 GMT+0530 (India Standard Time),
159,Bhabanipur,Paschim Bardhaman,assembly_2021,GEN,Sobhandeb Chattopadhyay,AITC,All India Trinamool Congress,73505,57.71,Rudranil Ghosh,BJP,Bharatiya Janata Party,44786,35.16,28719,22.55,127376,1570,61.72,Election Commission of India,https://results.eci.gov.in,official,Sun May 02 2021 05:30:00 GMT+0530 (India Standard Time),
160,Rashbehari,Purba Bardhaman,assembly_2021,GEN,DEBASISH KUMAR,AITC,All India Trinamool Congress,65704,52.79,LT. GEN. (DR.) SUBRATA SAHA,BJP,Bharatiya Janata Party,44290,35.59,21414,17.21,124455,1662,60.41,Election Commission of India,https://results.eci.gov.in,official,Sun May 02 2021 05:30:00 GMT+0530 (India Standard Time),
161,Ballygunge,Purba Bardhaman,assembly_2021,GEN,Subrata Mukherjee,AITC,All India Trinamool Congress,106585,70.60,LOKENATH CHATTERJEE,BJP,Bharatiya Janata Party,31226,20.68,75359,49.92,150962,1317,60.95,Election Commission of India,https://results.eci.gov.in,official,Sun May 02 2021 05:30:00 GMT+0530 (India Standard Time),
162,Chowrangee,Purba Bardhaman,assembly_2021,GEN,BANDYOPADHYAY NAYNA,AITC,All India Trinamool Congress,70101,62.87,DEVDUTTA MAJI,BJP,Bharatiya Janata Party,24757,22.20,45344,40.67,111493,1212,53.55,Election Commission of India,https://results.eci.gov.in,official,Sun May 02 2021 05:30:00 GMT+0530 (India Standard Time),
163,Entally,Purba Bardhaman,assembly_2021,GEN,Swarna Kamal Saha,AITC,All India Trinamool Congress,101709,64.83,Priyanka Tibrewal,BJP,Bharatiya Janata Party,43452,27.70,58257,37.14,156874,991,67.97,Election Commission of India,https://results.eci.gov.in,official,Sun May 02 2021 05:30:00 GMT+0530 (India Standard Time),
164,Beleghata,Purba Bardhaman,assembly_2021,GEN,PARESH PAUL,AITC,All India Trinamool Congress,103182,65.10,KASHINATH BISWAS,BJP,Bharatiya Janata Party,36042,22.74,67140,42.36,158506,1564,63.18,Election Commission of India,https://results.eci.gov.in,official,Sun May 02 2021 05:30:00 GMT+0530 (India Standard Time),
165,Jorasanko,Purba Bardhaman,assembly_2021,GEN,VIVEK GUPTA,AITC,All India Trinamool Congress,52123,52.67,MEENA DEVI PUROHIT,BJP,Bharatiya Janata Party,39380,39.80,12743,12.88,98955,1028,49.99,Election Commission of India,https://results.eci.gov.in,official,Sun May 02 2021 05:30:00 GMT+0530 (India Standard Time),
166,Shyampukur,Purba Bardhaman,assembly_2021,GEN,Dr. SHASHI PANJA,AITC,All India Trinamool Congress,55785,54.18,SANDIPAN BISWAS,BJP,Bharatiya Janata Party,33265,32.31,22520,21.87,102970,1063,58.32,Election Commission of India,https://results.eci.gov.in,official,Sun May 02 2021 05:30:00 GMT+0530 (India Standard Time),
167,Maniktala,Purba Bardhaman,assembly_2021,GEN,Sadhan Pande,AITC,All India Trinamool Congress,67577,50.82,Kalyan Chaubey,BJP,Bharatiya Janata Party,47339,35.60,20238,15.22,132967,1420,62.93,Election Commission of India,https://results.eci.gov.in,official,Sun May 02 2021 05:30:00 GMT+0530 (India Standard Time),
168,Kashipur-Belgachhia,Purba Bardhaman,assembly_2021,GEN,Atin Ghosh,AITC,All India Trinamool Congress,76182,56.48,Sibaji Sinha Roy,BJP,Bharatiya Janata Party,40792,30.24,35390,26.24,134872,1577,60.29,Election Commission of India,https://results.eci.gov.in,official,Sun May 02 2021 05:30:00 GMT+0530 (India Standard Time),
169,Bally,Purba Bardhaman,assembly_2021,GEN,RANA CHATTERJEE,AITC,All India Trinamool Congress,53347,42.38,BAISHALI DALMIYA,BJP,Bharatiya Janata Party,47110,37.43,6237,4.95,125873,1206,71.44,Election Commission of India,https://results.eci.gov.in,official,Sun May 02 2021 05:30:00 GMT+0530 (India Standard Time),
170,Howrah Uttar,Purba Bardhaman,assembly_2021,GEN,GAUTAM CHOWDHURI,AITC,All India Trinamool Congress,71575,47.81,UMESH RAI,BJP,Bharatiya Janata Party,66053,44.12,5522,3.69,149720,1670,68.51,Election Commission of India,https://results.eci.gov.in,official,Sun May 02 2021 05:30:00 GMT+0530 (India Standard Time),
171,Howrah Madhya,Purba Bardhaman,assembly_2021,GEN,"Arup Roy, S/o Late Prabhat Roy",AITC,All India Trinamool Congress,111554,57.16,Sanjay Singh,BJP,Bharatiya Janata Party,65007,33.31,46547,23.85,195144,2735,73.21,Election Commission of India,https://results.eci.gov.in,official,Sun May 02 2021 05:30:00 GMT+0530 (India Standard Time),
172,Shibpur,Purba Bardhaman,assembly_2021,GEN,Manoj Tiwary,AITC,All India Trinamool Congress,92372,50.69,Rathin Chakrabarty,BJP,Bharatiya Janata Party,59769,32.80,32603,17.89,182219,1912,77.98,Election Commission of India,https://results.eci.gov.in,official,Sun May 02 2021 05:30:00 GMT+0530 (India Standard Time),
173,Howrah Dakshin,Purba Bardhaman,assembly_2021,GEN,NANDITA CHOWDHURY,AITC,All India Trinamool Congress,116839,53.86,RANTIDEV SENGUPTA,BJP,Bharatiya Janata Party,66270,30.55,50569,23.31,216940,2948,73.73,Election Commission of India,https://results.eci.gov.in,official,Sun May 02 2021 05:30:00 GMT+0530 (India Standard Time),
174,Sankrail,Purba Bardhaman,assembly_2021,SC,PRIYA PAUL,AITC,All India Trinamool Congress,111888,50.37,PROBHAKAR PANDIT,BJP,Bharatiya Janata Party,71461,32.17,40427,18.20,222127,1850,80.17,Election Commission of India,https://results.eci.gov.in,official,Sun May 02 2021 05:30:00 GMT+0530 (India Standard Time),
175,Panchla,Purba Bardhaman,assembly_2021,GEN,GULSAN MULLICK,AITC,All India Trinamool Congress,104572,48.19,MOHIT LAL GHANTI,BJP,Bharatiya Janata Party,71821,33.10,32751,15.09,217009,2411,81.53,Election Commission of India,https://results.eci.gov.in,official,Sun May 02 2021 05:30:00 GMT+0530 (India Standard Time),
176,Uluberia Purba,Purba Bardhaman,assembly_2021,GEN,BIDESH RANJAN BOSE,AITC,All India Trinamool Congress,86526,44.83,PRATYUSH MANDAL,BJP,Bharatiya Janata Party,69400,35.95,17126,8.87,193021,2111,82.57,Election Commission of India,https://results.eci.gov.in,official,Sun May 02 2021 05:30:00 GMT+0530 (India Standard Time),
177,Uluberia Uttar,Purba Bardhaman,assembly_2021,SC,Dr. Nirmal Maji,AITC,All India Trinamool Congress,91501,49.25,CHIRAN BERA,BJP,Bharatiya Janata Party,70498,37.95,21003,11.31,185780,1248,82.78,Election Commission of India,https://results.eci.gov.in,official,Sun May 02 2021 05:30:00 GMT+0530 (India Standard Time),
178,Uluberia Dakshin,Purba Bardhaman,assembly_2021,GEN,PULAK ROY,AITC,All India Trinamool Congress,101880,50.37,PAPIA DEY (ADHIKARY),BJP,Bharatiya Janata Party,73442,36.31,28438,14.06,202266,1474,85.12,Election Commission of India,https://results.eci.gov.in,official,Sun May 02 2021 05:30:00 GMT+0530 (India Standard Time),
179,Shyampur,Purba Bardhaman,assembly_2021,GEN,KALIPADA MANDAL,AITC,All India Trinamool Congress,114804,51.74,TNUSREE CHAKRABORTY,BJP,Bharatiya Janata Party,83293,37.54,31511,14.20,221889,1142,86.14,Election Commission of India,https://results.eci.gov.in,official,Sun May 02 2021 05:30:00 GMT+0530 (India Standard Time),
180,Bagnan,Birbhum,assembly_2021,GEN,Arunava Sen (Raja),AITC,All India Trinamool Congress,106042,53.04,Anupam Mallik,BJP,Bharatiya Janata Party,75922,37.97,30120,15.06,199935,1548,86.47,Election Commission of India,https://results.eci.gov.in,official,Sun May 02 2021 05:30:00 GMT+0530 (India Standard Time),
181,Amta,Birbhum,assembly_2021,GEN,SUKANTA KUMAR PAUL,AITC,All India Trinamool Congress,102445,49.06,DEBTANU BHATTACHARYA,BJP,Bharatiya Janata Party,76240,36.51,26205,12.55,208810,1302,79.73,Election Commission of India,https://results.eci.gov.in,official,Sun May 02 2021 05:30:00 GMT+0530 (India Standard Time),
182,Udaynarayanpur,Birbhum,assembly_2021,GEN,SAMIR KUMAR PANJA,AITC,All India Trinamool Congress,101510,51.21,SUMIT RANJAN KARAR,BJP,Bharatiya Janata Party,87512,44.15,13998,7.06,198211,1220,84.18,Election Commission of India,https://results.eci.gov.in,official,Sun May 02 2021 05:30:00 GMT+0530 (India Standard Time),
183,Jagatballavpur,Birbhum,assembly_2021,GEN,SITANATH GHOSH,AITC,All India Trinamool Congress,116562,49.45,ANUPAM GHOSH,BJP,Bharatiya Janata Party,87366,37.06,29196,12.39,235721,2769,81.80,Election Commission of India,https://results.eci.gov.in,official,Sun May 02 2021 05:30:00 GMT+0530 (India Standard Time),
184,Domjur,Birbhum,assembly_2021,GEN,KALYAN GHOSH,AITC,All India Trinamool Congress,130499,52.00,RAJIB BANERJEE S/O- LATE DHANANJOY BANERJEE,BJP,Bharatiya Janata Party,87879,35.01,42620,16.98,250978,2082,83.87,Election Commission of India,https://results.eci.gov.in,official,Sun May 02 2021 05:30:00 GMT+0530 (India Standard Time),
185,Uttarpara,Birbhum,assembly_2021,GEN,KANCHAN MULLICK,AITC,All India Trinamool Congress,93878,46.96,PRABIR KUMAR GHOSAL,BJP,Bharatiya Janata Party,57889,28.96,35989,18.00,199894,3353,76.94,Election Commission of India,https://results.eci.gov.in,official,Sun May 02 2021 05:30:00 GMT+0530 (India Standard Time),
186,Sreerampur,Birbhum,assembly_2021,GEN,DR. SUDIPTO ROY,AITC,All India Trinamool Congress,93021,49.46,KABIR SHANKAR BOSE,BJP,Bharatiya Janata Party,69588,37.00,23433,12.46,188081,2400,74.41,Election Commission of India,https://results.eci.gov.in,official,Sun May 02 2021 05:30:00 GMT+0530 (India Standard Time),
187,Champdani,Birbhum,assembly_2021,GEN,ARINDAM GUIN (BUBAI),AITC,All India Trinamool Congress,100972,50.20,DILIP SINGH,BJP,Bharatiya Janata Party,70894,35.25,30078,14.95,201131,3347,76.37,Election Commission of India,https://results.eci.gov.in,official,Sun May 02 2021 05:30:00 GMT+0530 (India Standard Time),
188,Singur,Birbhum,assembly_2021,GEN,BECHARAM MANNA,AITC,All India Trinamool Congress,101077,48.15,RABINDRANATH BHATTACHARYA,BJP,Bharatiya Janata Party,75154,35.80,25923,12.35,209938,2345,85.04,Election Commission of India,https://results.eci.gov.in,official,Sun May 02 2021 05:30:00 GMT+0530 (India Standard Time),
189,Chandannagar,Birbhum,assembly_2021,GEN,INDRANIL SEN,AITC,All India Trinamool Congress,86778,47.63,DEEPANJAN KUMAR GUHA,BJP,Bharatiya Janata Party,55749,30.60,31029,17.03,182178,3023,79.36,Election Commission of India,https://results.eci.gov.in,official,Sun May 02 2021 05:30:00 GMT+0530 (India Standard Time),
190,Chunchura,Birbhum,assembly_2021,GEN,Asit Mazumder (Tapan),AITC,All India Trinamool Congress,117104,45.97,Locket Chatterjee,BJP,Bharatiya Janata Party,98687,38.74,18417,7.23,254737,4338,81.06,Election Commission of India,https://results.eci.gov.in,official,Sun May 02 2021 05:30:00 GMT+0530 (India Standard Time),
191,Balagarh,Paschim Medinipur,assembly_2021,SC,MANORANJAN BAPARI,AITC,All India Trinamool Congress,100364,45.63,SUBHAS CHANDRA HALDAR,BJP,Bharatiya Janata Party,94580,43.00,5784,2.63,219957,3105,84.94,Election Commission of India,https://results.eci.gov.in,official,Sun May 02 2021 05:30:00 GMT+0530 (India Standard Time),
192,Pandua,Paschim Medinipur,assembly_2021,GEN,Dr. Ratna De Nag,AITC,All India Trinamool Congress,102874,45.99,Partha Sharma,BJP,Bharatiya Janata Party,71016,31.75,31858,14.24,223664,2164,82.68,Election Commission of India,https://results.eci.gov.in,official,Sun May 02 2021 05:30:00 GMT+0530 (India Standard Time),
193,Saptagram,Paschim Medinipur,assembly_2021,GEN,TAPAN DASGUPTA,AITC,All India Trinamool Congress,93328,48.56,DEBABRATA BISWAS,BJP,Bharatiya Janata Party,83556,43.48,9772,5.08,192190,3037,81.84,Election Commission of India,https://results.eci.gov.in,official,Sun May 02 2021 05:30:00 GMT+0530 (India Standard Time),
194,Chanditala,Paschim Medinipur,assembly_2021,GEN,SWATI KHANDOKER,AITC,All India Trinamool Congress,103118,49.79,DEBASHISH DASGUPTA(YASH D GUPTAA),BJP,Bharatiya Janata Party,61771,29.83,41347,19.96,207106,2156,78.67,Election Commission of India,https://results.eci.gov.in,official,Sun May 02 2021 05:30:00 GMT+0530 (India Standard Time),
195,Jangipara,Paschim Medinipur,assembly_2021,GEN,SNEHASIS CHAKRABORTY,AITC,All India Trinamool Congress,101885,48.42,DEBJIT SARKAR,BJP,Bharatiya Janata Party,83959,39.90,17926,8.52,210411,3040,81.86,Election Commission of India,https://results.eci.gov.in,official,Sun May 02 2021 05:30:00 GMT+0530 (India Standard Time),
196,Haripal,Paschim Medinipur,assembly_2021,GEN,Dr. Karabi Manna,AITC,All India Trinamool Congress,110215,49.92,Samiran Mitra,BJP,Bharatiya Janata Party,87143,39.47,23072,10.45,220774,3367,81.87,Election Commission of India,https://results.eci.gov.in,official,Sun May 02 2021 05:30:00 GMT+0530 (India Standard Time),
197,Dhanekhali,Paschim Medinipur,assembly_2021,SC,ASIMA PATRA,AITC,All India Trinamool Congress,124776,53.36,TUSAR KUMAR MAJUMDAR,BJP,Bharatiya Janata Party,94617,40.46,30159,12.90,233838,2182,86.12,Election Commission of India,https://results.eci.gov.in,official,Sun May 02 2021 05:30:00 GMT+0530 (India Standard Time),
198,Tarakeswar,Paschim Medinipur,assembly_2021,GEN,RAMENDU SINHARAY,AITC,All India Trinamool Congress,96698,46.96,Dr. Swapan Dasgupta,BJP,Bharatiya Janata Party,89214,43.33,7484,3.63,205917,2752,85.86,Election Commission of India,https://results.eci.gov.in,official,Sun May 02 2021 05:30:00 GMT+0530 (India Standard Time),
199,Pursurah,Paschim Medinipur,assembly_2021,GEN,BIMAN GHOSH,BJP,Bharatiya Janata Party,119334,53.50,DILIP YADAV,AITC,All India Trinamool Congress,91156,40.86,28178,12.63,223074,2788,85.80,Election Commission of India,https://results.eci.gov.in,official,Sun May 02 2021 05:30:00 GMT+0530 (India Standard Time),
200,Arambag,Paschim Medinipur,assembly_2021,SC,MADHUSUDAN BAG,BJP,Bharatiya Janata Party,103108,46.88,SUJATA MONDAL,AITC,All India Trinamool Congress,95936,43.62,7172,3.26,219960,3171,85.38,Election Commission of India,https://results.eci.gov.in,official,Sun May 02 2021 05:30:00 GMT+0530 (India Standard Time),
201,Goghat,Paschim Medinipur,assembly_2021,SC,BISWANATH KARAK,BJP,Bharatiya Janata Party,102227,46.56,MANAS MAJUMDAR,AITC,All India Trinamool Congress,98080,44.67,4147,1.89,219545,2482,89.04,Election Commission of India,https://results.eci.gov.in,official,Sun May 02 2021 05:30:00 GMT+0530 (India Standard Time),
202,Khanakul,Paschim Medinipur,assembly_2021,GEN,SUSANTA GHOSH,BJP,Bharatiya Janata Party,107403,49.27,MUNSI NAZBUL KARIM,AITC,All India Trinamool Congress,94519,43.36,12884,5.91,217991,3278,78.62,Election Commission of India,https://results.eci.gov.in,official,Sun May 02 2021 05:30:00 GMT+0530 (India Standard Time),
203,Tamluk,Paschim Medinipur,assembly_2021,GEN,Saumen Kumar Mahapatra,AITC,All India Trinamool Congress,108243,45.86,Hare Krishna Bera,BJP,Bharatiya Janata Party,107450,45.52,793,0.34,236031,1136,88.44,Election Commission of India,https://results.eci.gov.in,official,Sun May 02 2021 05:30:00 GMT+0530 (India Standard Time),
204,Panskura Purba,Paschim Medinipur,assembly_2021,GEN,Biplab Roy Chowdhury,AITC,All India Trinamool Congress,91213,45.97,Debabrata Pattanayek,BJP,Bharatiya Janata Party,81553,41.11,9660,4.87,198400,1183,83.96,Election Commission of India,https://results.eci.gov.in,official,Sun May 02 2021 05:30:00 GMT+0530 (India Standard Time),
205,Panskura Paschim,Paschim Medinipur,assembly_2021,GEN,PHIROJA BIBI,AITC,All India Trinamool Congress,111705,47.71,SINTU SENAPATI,BJP,Bharatiya Janata Party,102816,43.91,8889,3.80,234141,1337,85.42,Election Commission of India,https://results.eci.gov.in,official,Sun May 02 2021 05:30:00 GMT+0530 (India Standard Time),
206,Moyna,Jhargram,assembly_2021,GEN,Ashoke Dinda,BJP,Bharatiya Janata Party,108109,48.17,Sangram Kumar Dolai,AITC,All India Trinamool Congress,106849,47.61,1260,0.56,224434,1335,87.96,Election Commission of India,https://results.eci.gov.in,official,Sun May 02 2021 05:30:00 GMT+0530 (India Standard Time),
207,Nandakumar,Jhargram,assembly_2021,GEN,SUKUMAR DE,AITC,All India Trinamool Congress,108181,47.60,ADHIKARY NILANJAN,BJP,Bharatiya Janata Party,102775,45.22,5406,2.38,227275,1473,89.54,Election Commission of India,https://results.eci.gov.in,official,Sun May 02 2021 05:30:00 GMT+0530 (India Standard Time),
208,Mahisadal,Jhargram,assembly_2021,GEN,TILAK KUMAR CHAKRABORTY,AITC,All India Trinamool Congress,101986,46.49,BISWANATH BANERJEE,BJP,Bharatiya Janata Party,99600,45.41,2386,1.09,219355,1765,89.44,Election Commission of India,https://results.eci.gov.in,official,Sun May 02 2021 05:30:00 GMT+0530 (India Standard Time),
209,Haldia,Jhargram,assembly_2021,SC,Tapasi Mondal,BJP,Bharatiya Janata Party,104126,47.15,Swapan Naskar,AITC,All India Trinamool Congress,89118,40.36,15008,6.80,220823,1413,87.96,Election Commission of India,https://results.eci.gov.in,official,Sun May 02 2021 05:30:00 GMT+0530 (India Standard Time),
210,Nandigram,Purba Medinipur,assembly_2021,GEN,ADHIKARI SUVENDU,BJP,Bharatiya Janata Party,110764,48.49,Mamata Banerjee,AITC,All India Trinamool Congress,108808,47.64,1956,0.86,228405,1090,88.53,Election Commission of India,https://results.eci.gov.in,official,Sun May 02 2021 05:30:00 GMT+0530 (India Standard Time),
211,Chandipur,Purba Medinipur,assembly_2021,GEN,Soham Chakraborty,AITC,All India Trinamool Congress,109770,49.82,Pulak Kanti Guria,BJP,Bharatiya Janata Party,96298,43.71,13472,6.11,220327,736,89.65,Election Commission of India,https://results.eci.gov.in,official,Sun May 02 2021 05:30:00 GMT+0530 (India Standard Time),
212,Patashpur,Purba Medinipur,assembly_2021,GEN,UTTAM BARIK,AITC,All India Trinamool Congress,105299,50.42,AMBUJAKSHA MAHANTI,BJP,Bharatiya Janata Party,95305,45.64,9994,4.79,208827,861,88.33,Election Commission of India,https://results.eci.gov.in,official,Sun May 02 2021 05:30:00 GMT+0530 (India Standard Time),
213,Kanthi Uttar,Purba Medinipur,assembly_2021,GEN,SUMITA SINHA,BJP,Bharatiya Janata Party,113524,49.70,TARUN KUMAR JANA,AITC,All India Trinamool Congress,104194,45.62,9330,4.08,228416,1492,88.73,Election Commission of India,https://results.eci.gov.in,official,Sun May 02 2021 05:30:00 GMT+0530 (India Standard Time),
214,Bhagabanpur,Purba Medinipur,assembly_2021,GEN,RABINDRANATH MAITY,BJP,Bharatiya Janata Party,121480,54.56,ARDHENDU MAITY,AITC,All India Trinamool Congress,93931,42.19,27549,12.37,222650,1019,87.59,Election Commission of India,https://results.eci.gov.in,official,Sun May 02 2021 05:30:00 GMT+0530 (India Standard Time),
215,Khejuri,Purba Medinipur,assembly_2021,SC,SANTANU PRAMANIK,BJP,Bharatiya Janata Party,110407,51.93,PARTHA PRATIM DAS,AITC,All India Trinamool Congress,92442,43.48,17965,8.45,212621,1136,89.10,Election Commission of India,https://results.eci.gov.in,official,Sun May 02 2021 05:30:00 GMT+0530 (India Standard Time),
216,Kanthi Dakshin,Purba Medinipur,assembly_2021,GEN,ARUP KUMAR DAS,BJP,Bharatiya Janata Party,98477,50.58,JYOTIRMOY KAR,AITC,All India Trinamool Congress,88184,45.30,10293,5.29,194681,870,86.66,Election Commission of India,https://results.eci.gov.in,official,Sun May 02 2021 05:30:00 GMT+0530 (India Standard Time),
217,Ramnagar,Purba Medinipur,assembly_2021,GEN,AKHIL GIRI,AITC,All India Trinamool Congress,112622,50.72,SWADESH RANJAN NAYAK,BJP,Bharatiya Janata Party,100105,45.08,12517,5.64,222060,1233,83.83,Election Commission of India,https://results.eci.gov.in,official,Sun May 02 2021 05:30:00 GMT+0530 (India Standard Time),
218,Egra,Purba Medinipur,assembly_2021,GEN,TARUN KUMAR MAITY,AITC,All India Trinamool Congress,125763,52.22,ARUP DASH,BJP,Bharatiya Janata Party,107272,44.55,18491,7.68,240817,1393,84.61,Election Commission of India,https://results.eci.gov.in,official,Sun May 02 2021 05:30:00 GMT+0530 (India Standard Time),
219,Dantan,Purba Medinipur,assembly_2021,GEN,BIKRAM CHANDRA PRADHAN,AITC,All India Trinamool Congress,95209,48.13,Saktipada Nayak,BJP,Bharatiya Janata Party,94586,47.82,623,0.31,197798,1250,84.59,Election Commission of India,https://results.eci.gov.in,official,Sun May 02 2021 05:30:00 GMT+0530 (India Standard Time),
220,Nayagram,Purba Medinipur,assembly_2021,ST,DULAL MURMU,AITC,All India Trinamool Congress,100903,52.46,BAKUL MURMU,BJP,Bharatiya Janata Party,78149,40.63,22754,11.83,192354,3086,84.82,Election Commission of India,https://results.eci.gov.in,official,Sun May 02 2021 05:30:00 GMT+0530 (India Standard Time),
221,Gopiballavpur,Purba Medinipur,assembly_2021,GEN,Dr. Khagendra Nath Mahata,AITC,All India Trinamool Congress,104115,52.30,Sanjit Mahata,BJP,Bharatiya Janata Party,80347,40.36,23768,11.94,199070,2791,87.92,Election Commission of India,https://results.eci.gov.in,official,Sun May 02 2021 05:30:00 GMT+0530 (India Standard Time),
222,Jhargram,Purba Medinipur,assembly_2021,ST,BIRBAHA HANSDA,AITC,All India Trinamool Congress,109493,54.26,SUKHAMAY SATPATHY (JAHAR),BJP,Bharatiya Janata Party,71253,35.31,38240,18.95,201797,3636,85.49,Election Commission of India,https://results.eci.gov.in,official,Sun May 02 2021 05:30:00 GMT+0530 (India Standard Time),
223,Keshiary,Purba Medinipur,assembly_2021,ST,PARESH MURMU,AITC,All India Trinamool Congress,106366,50.01,SONALI MURMU SOREN,BJP,Bharatiya Janata Party,91036,42.80,15330,7.21,212681,2570,89.05,Election Commission of India,https://results.eci.gov.in,official,Sun May 02 2021 05:30:00 GMT+0530 (India Standard Time),
224,Kharagpur Sadar,Purba Medinipur,assembly_2021,GEN,HIRANMOY CHATTOPADHYAYA,BJP,Bharatiya Janata Party,79607,46.45,PRADIP SARKAR,AITC,All India Trinamool Congress,75836,44.25,3771,2.20,171385,2643,73.03,Election Commission of India,https://results.eci.gov.in,official,Sun May 02 2021 05:30:00 GMT+0530 (India Standard Time),
225,Narayangarh,Purba Medinipur,assembly_2021,GEN,ATTA SURJA KANTA,AITC,All India Trinamool Congress,100894,46.33,RAMA PRASAD GIRI,BJP,Bharatiya Janata Party,98478,45.23,2416,1.11,217750,1756,89.30,Election Commission of India,https://results.eci.gov.in,official,Sun May 02 2021 05:30:00 GMT+0530 (India Standard Time),
226,Sabang,Bankura,assembly_2021,GEN,MANAS RANJAN BHUNIA,AITC,All India Trinamool Congress,112098,47.46,AMULYA MAITY,BJP,Bharatiya Janata Party,102234,43.28,9864,4.18,236201,1534,89.21,Election Commission of India,https://results.eci.gov.in,official,Sun May 02 2021 05:30:00 GMT+0530 (India Standard Time),
227,Pingla,Bankura,assembly_2021,GEN,AJIT MAITY,AITC,All India Trinamool Congress,112435,49.17,ANTARA BHATTACHARYYA,BJP,Bharatiya Janata Party,105779,46.26,6656,2.91,228669,2073,89.66,Election Commission of India,https://results.eci.gov.in,official,Sun May 02 2021 05:30:00 GMT+0530 (India Standard Time),
228,Kharagpur,Bankura,assembly_2021,GEN,DINEN ROY,AITC,All India Trinamool Congress,109727,54.85,TAPAN BHUYA,BJP,Bharatiya Janata Party,73497,36.74,36230,18.11,200044,2314,88.09,Election Commission of India,https://results.eci.gov.in,official,Sun May 02 2021 05:30:00 GMT+0530 (India Standard Time),
229,Debra,Bankura,assembly_2021,GEN,HUMAYUN KABIR,AITC,All India Trinamool Congress,95850,46.79,BHARATI GHOSH,BJP,Bharatiya Janata Party,84624,41.31,11226,5.48,204866,1353,87.48,Election Commission of India,https://results.eci.gov.in,official,Sun May 02 2021 05:30:00 GMT+0530 (India Standard Time),
230,Daspur,Bankura,assembly_2021,GEN,MAMATA BHUNIA,AITC,All India Trinamool Congress,114753,51.58,PRASANTA BERA,BJP,Bharatiya Janata Party,87911,39.52,26842,12.07,222464,1368,74.63,Election Commission of India,https://results.eci.gov.in,official,Sun May 02 2021 05:30:00 GMT+0530 (India Standard Time),
231,Ghatal,Bankura,assembly_2021,SC,SITAL KAPAT,BJP,Bharatiya Janata Party,105812,46.95,SHANKAR DOLAI,AITC,All India Trinamool Congress,104846,46.52,966,0.43,225375,1305,80.52,Election Commission of India,https://results.eci.gov.in,official,Sun May 02 2021 05:30:00 GMT+0530 (India Standard Time),
232,Chandrakona,Bankura,assembly_2021,SC,ARUP DHARA,AITC,All India Trinamool Congress,121846,48.87,SIBARAM DAS,BJP,Bharatiya Janata Party,110565,44.35,11281,4.52,249315,2906,89.08,Election Commission of India,https://results.eci.gov.in,official,Sun May 02 2021 05:30:00 GMT+0530 (India Standard Time),
233,Garbeta,Bankura,assembly_2021,GEN,Uttara Singha (Hazra),AITC,All India Trinamool Congress,94928,45.71,Madan Ruidas,BJP,Bharatiya Janata Party,84356,40.62,10572,5.09,207681,2719,89.50,Election Commission of India,https://results.eci.gov.in,official,Sun May 02 2021 05:30:00 GMT+0530 (India Standard Time),
234,Salboni,Bankura,assembly_2021,GEN,Srikanta Mahata,AITC,All India Trinamool Congress,126020,50.57,Rajib Kundu,BJP,Bharatiya Janata Party,93376,37.47,32644,13.10,249195,1965,89.98,Election Commission of India,https://results.eci.gov.in,official,Sun May 02 2021 05:30:00 GMT+0530 (India Standard Time),
235,Keshpur,Bankura,assembly_2021,SC,Seuli Saha,AITC,All India Trinamool Congress,116992,50.81,Pritish Ranjan Kuar,BJP,Bharatiya Janata Party,96272,41.82,20720,9.00,230232,3298,88.03,Election Commission of India,https://results.eci.gov.in,official,Sun May 02 2021 05:30:00 GMT+0530 (India Standard Time),
236,Medinipur,Bankura,assembly_2021,GEN,June Maliah,AITC,All India Trinamool Congress,121175,50.72,Samit Kumar Dash,BJP,Bharatiya Janata Party,96778,40.51,24397,10.21,238898,3928,85.30,Election Commission of India,https://results.eci.gov.in,official,Sun May 02 2021 05:30:00 GMT+0530 (India Standard Time),
237,Binpur,Bankura,assembly_2021,ST,DEBNATH HANSDA,AITC,All India Trinamool Congress,100277,53.11,PALAN SAREN,BJP,Bharatiya Janata Party,60783,32.19,39494,20.92,188798,3305,84.27,Election Commission of India,https://results.eci.gov.in,official,Sun May 02 2021 05:30:00 GMT+0530 (India Standard Time),
238,Bandwan,Purulia,assembly_2021,ST,RAJIB LOCHAN SAREN,AITC,All India Trinamool Congress,113337,47.02,PARCY MURMU,BJP,Bharatiya Janata Party,94506,39.21,18831,7.81,241055,2954,84.63,Election Commission of India,https://results.eci.gov.in,official,Sun May 02 2021 05:30:00 GMT+0530 (India Standard Time),
239,Balarampur,Purulia,assembly_2021,GEN,BANESWAR MAHATO,BJP,Bharatiya Janata Party,89521,45.22,SHANTIRAM MAHATO,AITC,All India Trinamool Congress,89098,45.01,423,0.21,197965,2441,83.14,Election Commission of India,https://results.eci.gov.in,official,Sun May 02 2021 05:30:00 GMT+0530 (India Standard Time),
240,Baghmundi,Purulia,assembly_2021,GEN,Sushanta Mahato,AITC,All India Trinamool Congress,75905,36.79,Ashutosh Mahato,OTHER,Other Parties,61936,30.02,13969,6.77,206303,2386,82.65,Election Commission of India,https://results.eci.gov.in,official,Sun May 02 2021 05:30:00 GMT+0530 (India Standard Time),
241,Joypur,Purulia,assembly_2021,GEN,Nara Hari Mahato,BJP,Bharatiya Janata Party,74380,36.68,Phanibhushan Kumar,INC,Indian National Congress,62180,30.67,12200,6.02,202767,2956,81.23,Election Commission of India,https://results.eci.gov.in,official,Sun May 02 2021 05:30:00 GMT+0530 (India Standard Time),
242,Purulia,Purulia,assembly_2021,GEN,Sudip Kumar Mukherjee,BJP,Bharatiya Janata Party,89733,43.38,Sujoy Banerjee,AITC,All India Trinamool Congress,82715,39.98,7018,3.39,206868,2588,79.89,Election Commission of India,https://results.eci.gov.in,official,Sun May 02 2021 05:30:00 GMT+0530 (India Standard Time),
243,Manbazar,Purulia,assembly_2021,ST,SANDHYARANI TUDU,AITC,All India Trinamool Congress,103298,48.33,GOURI SINGH SARDAR,BJP,Bharatiya Janata Party,87782,41.07,15516,7.26,213729,2291,84.24,Election Commission of India,https://results.eci.gov.in,official,Sun May 02 2021 05:30:00 GMT+0530 (India Standard Time),
244,Kashipur,Purulia,assembly_2021,ST,KAMALAKANTA HANSDA,BJP,Bharatiya Janata Party,92938,47.69,SWAPAN KUMAR BELTHARIA,AITC,All India Trinamool Congress,85551,43.90,7387,3.79,194892,2401,81.59,Election Commission of India,https://results.eci.gov.in,official,Sun May 02 2021 05:30:00 GMT+0530 (India Standard Time),
245,Para,Purulia,assembly_2021,SC,NADIAR CHAND BOURI,BJP,Bharatiya Janata Party,87347,45.02,UMAPADA BAURI,AITC,All India Trinamool Congress,83340,42.95,4007,2.07,194021,3657,79.55,Election Commission of India,https://results.eci.gov.in,official,Sun May 02 2021 05:30:00 GMT+0530 (India Standard Time),
246,Raghunathpur,Purulia,assembly_2021,SC,Vivekananda Bauri,BJP,Bharatiya Janata Party,95770,44.61,Bouri Hazari,AITC,All India Trinamool Congress,90332,42.08,5438,2.53,214690,3557,82.75,Election Commission of India,https://results.eci.gov.in,official,Sun May 02 2021 05:30:00 GMT+0530 (India Standard Time),
247,Saltora,South 24 Parganas,assembly_2021,SC,BAURI CHANDANA,BJP,Bharatiya Janata Party,91648,45.28,SONTOSH KUMAR MONDAL,AITC,All India Trinamool Congress,87503,43.23,4145,2.05,202413,3363,87.05,Election Commission of India,https://results.eci.gov.in,official,Sun May 02 2021 05:30:00 GMT+0530 (India Standard Time),
248,Chhatna,South 24 Parganas,assembly_2021,GEN,SATYANARAYAN MUKHOPADHYAY,BJP,Bharatiya Janata Party,90233,45.84,SUBASISH BATABYAL,AITC,All India Trinamool Congress,83069,42.20,7164,3.64,196836,3514,81.25,Election Commission of India,https://results.eci.gov.in,official,Sun May 02 2021 05:30:00 GMT+0530 (India Standard Time),
249,Ranibandh,South 24 Parganas,assembly_2021,ST,Jyotsna Mandi,AITC,All India Trinamool Congress,90928,43.06,Kshudiram Tudu,BJP,Bharatiya Janata Party,86989,41.19,3939,1.87,211170,4226,83.35,Election Commission of India,https://results.eci.gov.in,official,Sun May 02 2021 05:30:00 GMT+0530 (India Standard Time),
250,Raipur,South 24 Parganas,assembly_2021,ST,MRITYUNJOY MURMU,AITC,All India Trinamool Congress,101043,51.96,SUDHANSHU HANSDA,BJP,Bharatiya Janata Party,81645,41.98,19398,9.97,194476,2986,86.59,Election Commission of India,https://results.eci.gov.in,official,Sun May 02 2021 05:30:00 GMT+0530 (India Standard Time),
251,Taldangra,South 24 Parganas,assembly_2021,GEN,ARUP CHAKRABORTY,AITC,All India Trinamool Congress,92026,45.29,SHYAMAL KUMAR SARKAR (BENU),BJP,Bharatiya Janata Party,79649,39.20,12377,6.09,203186,3518,87.10,Election Commission of India,https://results.eci.gov.in,official,Sun May 02 2021 05:30:00 GMT+0530 (India Standard Time),
252,Bankura,South 24 Parganas,assembly_2021,GEN,NILADRI SEKHAR DANA,BJP,Bharatiya Janata Party,95466,43.79,SAYANTIKA BANERJEE,AITC,All India Trinamool Congress,93998,43.12,1468,0.67,217986,4507,80.79,Election Commission of India,https://results.eci.gov.in,official,Sun May 02 2021 05:30:00 GMT+0530 (India Standard Time),
253,Barjora,South 24 Parganas,assembly_2021,GEN,ALOK MUKHERJEE,AITC,All India Trinamool Congress,93290,42.51,SUPRITI CHATTERJEE,BJP,Bharatiya Janata Party,90021,41.02,3269,1.49,219452,4903,87.53,Election Commission of India,https://results.eci.gov.in,official,Sun May 02 2021 05:30:00 GMT+0530 (India Standard Time),
254,Onda,South 24 Parganas,assembly_2021,GEN,AMARNATH SHAKHA,BJP,Bharatiya Janata Party,104940,46.48,ARUP KUMAR KHAN,AITC,All India Trinamool Congress,93389,41.37,11551,5.12,225759,4879,87.88,Election Commission of India,https://results.eci.gov.in,official,Sun May 02 2021 05:30:00 GMT+0530 (India Standard Time),
255,Bishnupur,South 24 Parganas,assembly_2021,GEN,TANMAY GHOSH (BUMBA),BJP,Bharatiya Janata Party,89689,46.84,ARCHITA BID,AITC,All India Trinamool Congress,78269,40.88,11420,5.96,191469,3419,87.32,Election Commission of India,https://results.eci.gov.in,official,Sun May 02 2021 05:30:00 GMT+0530 (India Standard Time),
256,Katulpur,South 24 Parganas,assembly_2021,SC,HARAKALI PROTIHER,BJP,Bharatiya Janata Party,106022,47.31,SANGEETA MALIK,AITC,All India Trinamool Congress,94237,42.05,11785,5.26,224123,1856,90.82,Election Commission of India,https://results.eci.gov.in,official,Sun May 02 2021 05:30:00 GMT+0530 (India Standard Time),
257,Indus,South 24 Parganas,assembly_2021,SC,NIRMAL KUMAR DHARA,BJP,Bharatiya Janata Party,104936,48.04,RUNU METE,AITC,All India Trinamool Congress,97716,44.73,7220,3.31,218453,3182,89.92,Election Commission of India,https://results.eci.gov.in,official,Sun May 02 2021 05:30:00 GMT+0530 (India Standard Time),
258,Sonamukhi,South 24 Parganas,assembly_2021,SC,DIBAKAR GHARAMI,BJP,Bharatiya Janata Party,98161,47.25,DR. SHYAMAL SANTRA,AITC,All India Trinamool Congress,87273,42.01,10888,5.24,207739,2076,89.14,Election Commission of India,https://results.eci.gov.in,official,Sun May 02 2021 05:30:00 GMT+0530 (India Standard Time),
259,Khandaghosh,South 24 Parganas,assembly_2021,SC,NABIN CHANDRA BAG,AITC,All India Trinamool Congress,104264,47.85,BIJAN MANDAL,BJP,Bharatiya Janata Party,83378,38.26,20886,9.59,217897,1944,89.77,Election Commission of India,https://results.eci.gov.in,official,Sun May 02 2021 05:30:00 GMT+0530 (India Standard Time),
260,Bardhaman Dakshin,South 24 Parganas,assembly_2021,GEN,KHOKAN DAS,AITC,All India Trinamool Congress,91015,44.32,SANDIP NANDI,BJP,Bharatiya Janata Party,82910,40.38,8105,3.95,205345,3707,79.61,Election Commission of India,https://results.eci.gov.in,official,Sun May 02 2021 05:30:00 GMT+0530 (India Standard Time),
261,Raina,South 24 Parganas,assembly_2021,SC,Shampa Dhara,AITC,All India Trinamool Congress,108752,47.46,Manik Roy,BJP,Bharatiya Janata Party,90547,39.51,18205,7.94,229166,1563,88.57,Election Commission of India,https://results.eci.gov.in,official,Sun May 02 2021 05:30:00 GMT+0530 (India Standard Time),
262,Jamalpur,South 24 Parganas,assembly_2021,SC,ALOK KUMAR MAJHI,AITC,All India Trinamool Congress,96999,46.93,BALARAM BAPARI,BJP,Bharatiya Janata Party,79028,38.24,17971,8.69,206690,2865,87.59,Election Commission of India,https://results.eci.gov.in,official,Sun May 02 2021 05:30:00 GMT+0530 (India Standard Time),
263,Monteswar,South 24 Parganas,assembly_2021,GEN,CHOWDHURY SIDDIQULLAH,AITC,All India Trinamool Congress,105460,50.45,SAIKAT PANJA,BJP,Bharatiya Janata Party,73655,35.24,31805,15.22,209036,1611,86.30,Election Commission of India,https://results.eci.gov.in,official,Sun May 02 2021 05:30:00 GMT+0530 (India Standard Time),
264,Kalna,South 24 Parganas,assembly_2021,SC,DEBOPRASAD BAG (POLTU),AITC,All India Trinamool Congress,96073,45.98,BISWAJIT KUNDU,BJP,Bharatiya Janata Party,88595,42.40,7478,3.58,208951,2507,86.53,Election Commission of India,https://results.eci.gov.in,official,Sun May 02 2021 05:30:00 GMT+0530 (India Standard Time),
265,Memari,South 24 Parganas,assembly_2021,GEN,MADHUSUDAN BHATTACHARYA,AITC,All India Trinamool Congress,104851,47.92,BHISMADEB BHATTACHARYA,BJP,Bharatiya Janata Party,81773,37.37,23078,10.55,218802,1673,86.06,Election Commission of India,https://results.eci.gov.in,official,Sun May 02 2021 05:30:00 GMT+0530 (India Standard Time),
266,Bardhaman Uttar,South 24 Parganas,assembly_2021,SC,NISITH KUMAR MALIK,AITC,All India Trinamool Congress,111211,45.97,RADHA KANTA ROY,BJP,Bharatiya Janata Party,93943,38.83,17268,7.14,241925,2396,87.33,Election Commission of India,https://results.eci.gov.in,official,Sun May 02 2021 05:30:00 GMT+0530 (India Standard Time),
267,Bhatar,South 24 Parganas,assembly_2021,GEN,ADHIKARI MANGOBINDA,AITC,All India Trinamool Congress,108028,50.44,MAHENDRANATH KOWAR,BJP,Bharatiya Janata Party,76287,35.62,31741,14.82,214168,4346,86.82,Election Commission of India,https://results.eci.gov.in,official,Sun May 02 2021 05:30:00 GMT+0530 (India Standard Time),
268,Purbasthali Dakshin,South 24 Parganas,assembly_2021,GEN,SWAPAN DEBNATH,AITC,All India Trinamool Congress,105698,49.08,RAJIB KUMAR BHOWMICK,BJP,Bharatiya Janata Party,88288,41.00,17410,8.08,215353,1562,86.65,Election Commission of India,https://results.eci.gov.in,official,Sun May 02 2021 05:30:00 GMT+0530 (India Standard Time),
269,Purbasthali Uttar,South 24 Parganas,assembly_2021,GEN,TAPAN CHATTERJEE,AITC,All India Trinamool Congress,92421,43.52,GOBARDHAN DAS,BJP,Bharatiya Janata Party,85715,40.37,6706,3.16,212343,1350,84.05,Election Commission of India,https://results.eci.gov.in,official,Sun May 02 2021 05:30:00 GMT+0530 (India Standard Time),
270,Katwa,South 24 Parganas,assembly_2021,GEN,Rabindranath Chatterjee,AITC,All India Trinamool Congress,107894,48.07,Shyama Majumdar,BJP,Bharatiya Janata Party,98739,43.99,9155,4.08,224459,1780,83.84,Election Commission of India,https://results.eci.gov.in,official,Sun May 02 2021 05:30:00 GMT+0530 (India Standard Time),
271,Ketugram,South 24 Parganas,assembly_2021,GEN,Sekh Sahonawez,AITC,All India Trinamool Congress,100226,46.55,Anadi Ghosh (Mathura),BJP,Bharatiya Janata Party,87543,40.66,12683,5.89,215317,3620,83.36,Election Commission of India,https://results.eci.gov.in,official,Sun May 02 2021 05:30:00 GMT+0530 (India Standard Time),
272,Mangalkot,South 24 Parganas,assembly_2021,GEN,Apurba Chowdhury (Achal),AITC,All India Trinamool Congress,107596,49.51,Rana Protap Goswami,BJP,Bharatiya Janata Party,85259,39.23,22337,10.28,217329,3826,86.58,Election Commission of India,https://results.eci.gov.in,official,Sun May 02 2021 05:30:00 GMT+0530 (India Standard Time),
273,Ausgram,South 24 Parganas,assembly_2021,SC,ABHEDANANDA THANDER,AITC,All India Trinamool Congress,100392,46.25,KALITA MAJI,BJP,Bharatiya Janata Party,88577,40.80,11815,5.44,217080,4039,87.90,Election Commission of India,https://results.eci.gov.in,official,Sun May 02 2021 05:30:00 GMT+0530 (India Standard Time),
274,Galsi,South 24 Parganas,assembly_2021,SC,NEPAL GHORUI,AITC,All India Trinamool Congress,109504,49.21,BIKASH BISWAS,BJP,Bharatiya Janata Party,90242,40.55,19262,8.66,222538,2254,86.71,Election Commission of India,https://results.eci.gov.in,official,Sun May 02 2021 05:30:00 GMT+0530 (India Standard Time),
275,Pandabeswar,South 24 Parganas,assembly_2021,GEN,NARENDRANATH CHAKRABORTY,AITC,All India Trinamool Congress,73922,44.99,KUMAR JITENDRA TEWARI,BJP,Bharatiya Janata Party,70119,42.68,3803,2.31,164291,2735,77.51,Election Commission of India,https://results.eci.gov.in,official,Sun May 02 2021 05:30:00 GMT+0530 (India Standard Time),
276,Durgapur Purba,South 24 Parganas,assembly_2021,GEN,PRADIP MAZUMDAR,AITC,All India Trinamool Congress,79303,41.16,COLONEL DIPTANSU CHAUDHURY,BJP,Bharatiya Janata Party,75557,39.21,3746,1.94,192674,2628,75.11,Election Commission of India,https://results.eci.gov.in,official,Sun May 02 2021 05:30:00 GMT+0530 (India Standard Time),
277,Durgapur Paschim,South 24 Parganas,assembly_2021,GEN,LAKSHMAN CHANDRA GHORUI,BJP,Bharatiya Janata Party,91186,46.31,BISWANATH PARIAL,AITC,All India Trinamool Congress,76522,38.86,14664,7.45,196902,2624,73.12,Election Commission of India,https://results.eci.gov.in,official,Sun May 02 2021 05:30:00 GMT+0530 (India Standard Time),
278,Raniganj,South 24 Parganas,assembly_2021,GEN,TAPAS BANERJEE,AITC,All India Trinamool Congress,78164,42.90,DR. BIJAN MUKHERJEE,BJP,Bharatiya Janata Party,74608,40.95,3556,1.95,182211,2006,72.65,Election Commission of India,https://results.eci.gov.in,official,Sun May 02 2021 05:30:00 GMT+0530 (India Standard Time),
279,Jamuria,South 24 Parganas,assembly_2021,GEN,HARERAM SINGH,AITC,All India Trinamool Congress,71002,42.59,TAPAS KUMAR ROY,BJP,Bharatiya Janata Party,62951,37.76,8051,4.83,166703,2353,75.29,Election Commission of India,https://results.eci.gov.in,official,Sun May 02 2021 05:30:00 GMT+0530 (India Standard Time),
280,Asansol Dakshin,South 24 Parganas,assembly_2021,GEN,AGNIMITRA PAUL,BJP,Bharatiya Janata Party,87881,45.13,SAYANI GHOSH,AITC,All India Trinamool Congress,83394,42.82,4487,2.30,194737,3466,71.01,Election Commission of India,https://results.eci.gov.in,official,Sun May 02 2021 05:30:00 GMT+0530 (India Standard Time),
281,Asansol Uttar,South 24 Parganas,assembly_2021,GEN,Ghatak Moloy,AITC,All India Trinamool Congress,100931,52.32,Krishnendu Mukherjee,BJP,Bharatiya Janata Party,79821,41.38,21110,10.94,192907,3348,69.95,Election Commission of India,https://results.eci.gov.in,official,Sun May 02 2021 05:30:00 GMT+0530 (India Standard Time),
282,Kulti,South 24 Parganas,assembly_2021,GEN,AJAY KUMAR PODDAR,BJP,Bharatiya Janata Party,81112,46.41,UJJAL CHATTERJEE,AITC,All India Trinamool Congress,80433,46.02,679,0.39,174767,3553,69.44,Election Commission of India,https://results.eci.gov.in,official,Sun May 02 2021 05:30:00 GMT+0530 (India Standard Time),
283,Barabani,South 24 Parganas,assembly_2021,GEN,BIDHAN UPADHYAY,AITC,All India Trinamool Congress,88430,52.26,ARIJIT ROY,BJP,Bharatiya Janata Party,64973,38.40,23457,13.86,169207,3039,75.00,Election Commission of India,https://results.eci.gov.in,official,Sun May 02 2021 05:30:00 GMT+0530 (India Standard Time),
284,Dubrajpur,South 24 Parganas,assembly_2021,SC,Anup Kumar Saha,BJP,Bharatiya Janata Party,98083,47.94,Debabrata Saha,AITC,All India Trinamool Congress,94220,46.05,3863,1.89,204599,3157,84.64,Election Commission of India,https://results.eci.gov.in,official,Sun May 02 2021 05:30:00 GMT+0530 (India Standard Time),
285,Suri,South 24 Parganas,assembly_2021,GEN,BIKASH ROYCHOUDHURY,AITC,All India Trinamool Congress,105871,48.43,CHATTOPADHYAY JAGANNATH,BJP,Bharatiya Janata Party,98551,45.08,7320,3.35,218590,1835,82.94,Election Commission of India,https://results.eci.gov.in,official,Sun May 02 2021 05:30:00 GMT+0530 (India Standard Time),
286,Bolpur,South 24 Parganas,assembly_2021,GEN,SINHA CHANDRANATH,AITC,All India Trinamool Congress,116443,50.57,ANIRBAN GANGULY,BJP,Bharatiya Janata Party,94163,40.89,22280,9.68,230260,3337,84.07,Election Commission of India,https://results.eci.gov.in,official,Sun May 02 2021 05:30:00 GMT+0530 (India Standard Time),
287,Nanoor,South 24 Parganas,assembly_2021,SC,BIDHAN CHANDRA MAJHI,AITC,All India Trinamool Congress,112116,47.64,TARAKESWAR SAHA,BJP,Bharatiya Janata Party,105446,44.81,6670,2.83,235328,2149,85.02,Election Commission of India,https://results.eci.gov.in,official,Sun May 02 2021 05:30:00 GMT+0530 (India Standard Time),
288,Labpur,South 24 Parganas,assembly_2021,GEN,ABHIJIT SINHA (RANA),AITC,All India Trinamool Congress,108423,51.14,BISWAJIT MONDAL,BJP,Bharatiya Janata Party,90448,42.66,17975,8.48,212027,3057,88.33,Election Commission of India,https://results.eci.gov.in,official,Sun May 02 2021 05:30:00 GMT+0530 (India Standard Time),
289,Sainthia,South 24 Parganas,assembly_2021,SC,NILABATI SAHA,AITC,All India Trinamool Congress,110572,49.84,PIYA SAHA,BJP,Bharatiya Janata Party,95329,42.97,15243,6.87,221866,1742,86.68,Election Commission of India,https://results.eci.gov.in,official,Sun May 02 2021 05:30:00 GMT+0530 (India Standard Time),
290,Mayureswar,South 24 Parganas,assembly_2021,GEN,ABHIJIT ROY,AITC,All India Trinamool Congress,100425,50.36,Shyamapada Mondal,BJP,Bharatiya Janata Party,88350,44.30,12075,6.05,199425,2803,86.45,Election Commission of India,https://results.eci.gov.in,official,Sun May 02 2021 05:30:00 GMT+0530 (India Standard Time),
291,Rampurhat,South 24 Parganas,assembly_2021,GEN,ASISH BANERJEE,AITC,All India Trinamool Congress,103276,47.52,SUBHASIS CHOUDHURY (KHOKAN),BJP,Bharatiya Janata Party,94804,43.62,8472,3.90,217323,3381,83.33,Election Commission of India,https://results.eci.gov.in,official,Sun May 02 2021 05:30:00 GMT+0530 (India Standard Time),
292,Hansan,South 24 Parganas,assembly_2021,GEN,Dr. ASOK KUMAR CHATTOPADHYAY,AITC,All India Trinamool Congress,108289,51.42,NIKHIL BANERJEE,BJP,Bharatiya Janata Party,57676,27.39,50613,24.03,210606,2420,84.88,Election Commission of India,https://results.eci.gov.in,official,Sun May 02 2021 05:30:00 GMT+0530 (India Standard Time),
293,Nalhati,South 24 Parganas,assembly_2021,GEN,RAJENDRA PRASAD SINGH (RAJU SINGH),AITC,All India Trinamool Congress,117438,56.54,TAPAS KUMAR YADAV(ANANDA YADAV),BJP,Bharatiya Janata Party,60533,29.15,56905,27.40,207696,1900,84.83,Election Commission of India,https://results.eci.gov.in,official,Sun May 02 2021 05:30:00 GMT+0530 (India Standard Time),
294,Murarai,South 24 Parganas,assembly_2021,GEN,DR MOSARRAF HOSSAIN,AITC,All India Trinamool Congress,146496,67.23,DEBASISH ROY,BJP,Bharatiya Janata Party,48250,22.14,98246,45.08,217917,1509,82.80,Election Commission of India,https://results.eci.gov.in,official,Sun May 02 2021 05:30:00 GMT+0530 (India Standard Time),